dataset,variant,seed,validation_macro_f1,hidden_units,parameters,gradient_updates,training_example_presentations,training_epochs
dry_bean,epoch_cap_45,741,0.9476876608712178,2,167,6886,872098,174
dry_bean,epoch_cap_45,742,0.94547165458487,2,167,6456,817312,162
dry_bean,epoch_cap_45,743,0.9463452106407357,3,191,6682,846168,172
dry_bean,fit_090,741,0.942314717158845,0,119,4902,620223,143
dry_bean,fit_090,742,0.9429215665235284,0,119,5176,654812,142
dry_bean,fit_090,743,0.9423367088913578,0,119,4698,594293,141
dry_bean,fit_098,741,0.9477759374733946,16,503,9186,1162616,284
dry_bean,fit_098,742,0.9501300304654222,16,503,9317,1179419,284
dry_bean,fit_098,743,0.9486206327254347,16,503,10682,1352511,313
dry_bean,growth_cap_8,741,0.9473164616234344,3,191,7846,993973,189
dry_bean,growth_cap_8,742,0.9466247489012828,3,191,7416,939187,177
dry_bean,growth_cap_8,743,0.9479396359862983,4,215,7642,968043,187
dry_bean,nominal,741,0.9473164616234344,3,191,7846,993973,189
dry_bean,nominal,742,0.9466247489012828,3,191,7416,939187,177
dry_bean,nominal,743,0.9479396359862983,4,215,7642,968043,187
dry_bean,overfit_010,741,0.9473164616234344,3,191,7846,993973,189
dry_bean,overfit_010,742,0.9466247489012828,3,191,7416,939187,177
dry_bean,overfit_010,743,0.9479396359862983,4,215,7642,968043,187
dry_bean,patience_6,741,0.9449453234075023,4,215,7015,888435,166
dry_bean,patience_6,742,0.9482304199297183,4,215,7103,899369,168
dry_bean,patience_6,743,0.9487263045296501,5,239,7158,906989,165
dry_bean,tolerance_003,741,0.9482425197190553,5,239,6943,879513,164
dry_bean,tolerance_003,742,0.9463933216582702,5,239,6699,848961,152
dry_bean,tolerance_003,743,0.9467820282830406,5,239,6872,870407,163
landsat,epoch_cap_45,741,0.857584465357261,8,566,3620,455277,226
landsat,epoch_cap_45,742,0.8568103588171033,5,437,3684,463461,234
landsat,epoch_cap_45,743,0.8663162510709951,7,523,3684,463461,234
landsat,fit_090,741,0.8556341316978865,6,480,4076,516118,228
landsat,fit_090,742,0.8521869295723056,5,437,3574,451640,205
landsat,fit_090,743,0.8462870237130421,6,480,4064,514491,225
landsat,fit_098,741,0.8586736706181625,14,824,4748,597280,302
landsat,fit_098,742,0.850744545007622,13,781,4726,594157,300
landsat,fit_098,743,0.8638585592888285,10,652,4782,600905,308
landsat,growth_cap_8,741,0.8605320396413227,8,566,3454,432791,230
landsat,growth_cap_8,742,0.8504093056108993,8,566,4060,510525,263
landsat,growth_cap_8,743,0.8571197655704353,8,566,3516,440718,240
landsat,nominal,741,0.8601092386196253,11,695,4520,569157,271
landsat,nominal,742,0.8583149757251061,10,652,4528,570393,281
landsat,nominal,743,0.8609282245248701,10,652,4608,580410,282
landsat,overfit_010,741,0.8601092386196253,11,695,4520,569157,271
landsat,overfit_010,742,0.8583149757251061,10,652,4528,570393,281
landsat,overfit_010,743,0.8609282245248701,10,652,4608,580410,282
landsat,patience_6,741,0.8588512428276514,12,738,4532,570898,272
landsat,patience_6,742,0.8648544441840449,13,781,4508,567416,270
landsat,patience_6,743,0.8580458164958741,15,867,4468,562714,264
landsat,tolerance_003,741,0.865216522514943,13,781,4520,569157,271
landsat,tolerance_003,742,0.8760861548154537,13,781,4544,572226,274
landsat,tolerance_003,743,0.8604478155544769,12,738,4584,577341,279
optdigits,epoch_cap_45,741,0.9399226577707903,0,650,941,111728,230
optdigits,epoch_cap_45,742,0.9395194364532123,1,725,962,114218,250
optdigits,epoch_cap_45,743,0.9420746995789283,0,650,1114,131520,259
optdigits,fit_090,741,0.9399226577707903,0,650,941,111728,230
optdigits,fit_090,742,0.940926597111192,0,650,1303,153685,312
optdigits,fit_090,743,0.9420746995789283,0,650,1114,131520,259
optdigits,fit_098,741,0.9384980122930585,1,725,1118,132094,269
optdigits,fit_098,742,0.9395194364532123,1,725,962,114218,250
optdigits,fit_098,743,0.946144500700248,1,725,877,103700,228
optdigits,growth_cap_8,741,0.9399226577707903,0,650,941,111728,230
optdigits,growth_cap_8,742,0.9395194364532123,1,725,962,114218,250
optdigits,growth_cap_8,743,0.9420746995789283,0,650,1114,131520,259
optdigits,nominal,741,0.9399226577707903,0,650,941,111728,230
optdigits,nominal,742,0.9395194364532123,1,725,962,114218,250
optdigits,nominal,743,0.9420746995789283,0,650,1114,131520,259
optdigits,overfit_010,741,0.9399226577707903,0,650,941,111728,230
optdigits,overfit_010,742,0.9395194364532123,1,725,962,114218,250
optdigits,overfit_010,743,0.9420746995789283,0,650,1114,131520,259
optdigits,patience_6,741,0.9389587371795219,0,650,780,92444,188
optdigits,patience_6,742,0.9387958377719462,0,650,725,85035,202
optdigits,patience_6,743,0.9329946409137635,1,725,728,86176,182
optdigits,tolerance_003,741,0.9411372301082455,0,650,1023,121329,239
optdigits,tolerance_003,742,0.9400888002182828,1,725,884,104407,237
optdigits,tolerance_003,743,0.943097219867024,0,650,985,116390,228
