dataset,variant,validation_macro_f1_mean,validation_macro_f1_sd,hidden_units_mean,hidden_units_min,hidden_units_max,parameters_mean,training_epochs_mean,gradient_updates_mean
dry_bean,epoch_cap_45,0.9465015086989412,0.001116240465819186,2.3333333333333335,2,3,175.0,169.33333333333334,6674.666666666667
dry_bean,fit_090,0.9425243308579104,0.00034419186452322887,0.0,0,0,119.0,142.0,4925.333333333333
dry_bean,fit_098,0.9488422002214172,0.001192584408012832,16.0,16,16,503.0,293.6666666666667,9728.333333333334
dry_bean,growth_cap_8,0.9472936155036719,0.000657741188064361,3.3333333333333335,3,4,199.0,184.33333333333334,7634.666666666667
dry_bean,nominal,0.9472936155036719,0.000657741188064361,3.3333333333333335,3,4,199.0,184.33333333333334,7634.666666666667
dry_bean,overfit_010,0.9472936155036719,0.000657741188064361,3.3333333333333335,3,4,199.0,184.33333333333334,7634.666666666667
dry_bean,patience_6,0.9473006826222902,0.0020548146284099667,4.333333333333333,4,5,223.0,166.33333333333334,7092.0
dry_bean,tolerance_003,0.9471392898867886,0.0009749924395282871,5.0,5,5,239.0,159.66666666666666,6838.0
landsat,epoch_cap_45,0.8602370250817865,0.00527897259935879,6.666666666666667,5,8,508.6666666666667,231.33333333333334,3662.6666666666665
landsat,fit_090,0.851369361661078,0.004726882681766812,5.666666666666667,5,6,465.6666666666667,219.33333333333334,3904.6666666666665
landsat,fit_098,0.8577589249715376,0.006604688663399399,12.333333333333334,10,14,752.3333333333334,303.3333333333333,4752.0
landsat,growth_cap_8,0.8560203702742192,0.0051501396656478725,8.0,8,8,566.0,244.33333333333334,3676.6666666666665
landsat,nominal,0.8597841462898671,0.0013366117946201233,10.333333333333334,10,11,666.3333333333334,278.0,4552.0
landsat,overfit_010,0.8597841462898671,0.0013366117946201233,10.333333333333334,10,11,666.3333333333334,278.0,4552.0
landsat,patience_6,0.8605838345025235,0.003720316946566318,13.333333333333334,12,15,795.3333333333334,268.6666666666667,4502.666666666667
landsat,tolerance_003,0.8672501642949578,0.008015060066987581,12.666666666666666,12,13,766.6666666666666,274.6666666666667,4549.333333333333
optdigits,epoch_cap_45,0.9405055979343103,0.00137375646899095,0.3333333333333333,0,1,675.0,246.33333333333334,1005.6666666666666
optdigits,fit_090,0.9409746514869702,0.001076825381975721,0.0,0,0,650.0,267.0,1119.3333333333333
optdigits,fit_098,0.941387316482173,0.004151376650252685,1.0,1,1,725.0,249.0,985.6666666666666
optdigits,growth_cap_8,0.9405055979343103,0.00137375646899095,0.3333333333333333,0,1,675.0,246.33333333333334,1005.6666666666666
optdigits,nominal,0.9405055979343103,0.00137375646899095,0.3333333333333333,0,1,675.0,246.33333333333334,1005.6666666666666
optdigits,overfit_010,0.9405055979343103,0.00137375646899095,0.3333333333333333,0,1,675.0,246.33333333333334,1005.6666666666666
optdigits,patience_6,0.9369164052884106,0.003397324081087247,0.3333333333333333,0,1,675.0,190.66666666666666,744.3333333333334
optdigits,tolerance_003,0.9414410833978507,0.0015270534738299312,0.3333333333333333,0,1,675.0,234.66666666666666,964.0
