dataset,comparison,mean,ci_low,ci_high,p_holm
dry_bean,fixed_minus_baseline,0.0002715877881869666,-0.0011504281027731001,0.001706202409709116,1.0
dry_bean,adaptive_minus_baseline,-0.0007006888593972471,-0.002336401578872188,0.000923634658759058,1.0
dry_bean,adaptive_minus_fixed,-0.0009722766475842137,-0.002875978695604444,0.0007868527799133546,
landsat,fixed_minus_baseline,0.007001296295707005,0.0011380149084043996,0.01419970134016654,0.263671875
landsat,adaptive_minus_baseline,0.004496876306165942,-0.0010484967711946241,0.011510468058290866,0.890625
landsat,adaptive_minus_fixed,-0.0025044199895410623,-0.00642104626847225,0.0014290543791257084,
optdigits,fixed_minus_baseline,-0.0002610941631896346,-0.00471528748224197,0.0038884664408940957,1.0
optdigits,adaptive_minus_baseline,-0.01020593847631851,-0.013454648661623549,-0.006783357814279434,0.01171875
optdigits,adaptive_minus_fixed,-0.009944844313128875,-0.01313508140414783,-0.006697298296596943,
