Dataset,Method,Macro F1,Accuracy,Balanced accuracy,Cross-entropy
Dry Bean,Adaptive,0.9365 +/- 0.0019,0.9253968253968253,0.9373179797816604,0.21642495552634414
Dry Bean,All-class,0.9372 +/- 0.0022,0.9259136212624586,0.9371505894987944,0.20471427421212937
Dry Bean,Fixed inc.,0.9375 +/- 0.0022,0.9258767072720561,0.9384837197094915,0.20309468394850816
Landsat,Adaptive,0.8700 +/- 0.0031,0.8853500000000001,0.8690823131098027,0.30413736803522995
Landsat,All-class,0.8655 +/- 0.0097,0.8821,0.86455384256403,0.30994936334399126
Landsat,Fixed inc.,0.8725 +/- 0.0051,0.8866499999999998,0.8727658386806624,0.29570790461260377
Optical Digits,Adaptive,0.9108 +/- 0.0040,0.912186978297162,0.9113680851766409,0.3155644087582102
Optical Digits,All-class,0.9210 +/- 0.0047,0.9222036727879799,0.9213899507951337,0.2819344328527512
Optical Digits,Fixed inc.,0.9207 +/- 0.0056,0.9219254312743462,0.9211722484965801,0.33098432692038526
