dataset,section,setting,value
dry_bean,training,learning_rate,0.01
dry_bean,training,weight_decay,0.0001
dry_bean,training,batch_size,128
dry_bean,training,max_epochs,60
dry_bean,training,patience,8
dry_bean,training,min_delta,0.001
dry_bean,training,activation,relu
dry_bean,training,device,cpu
dry_bean,training,consolidation_epochs,15
dry_bean,training,evaluate_test,True
dry_bean,controller,min_epochs,8
dry_bean,controller,patience,8
dry_bean,controller,min_delta,0.001
dry_bean,controller,underfit_train_f1,0.95
dry_bean,controller,underfit_max_gap,0.08
dry_bean,controller,overfit_gap,0.15
dry_bean,controller,max_hidden_units,16
dry_bean,controller,max_epochs_per_stage,60
dry_bean,architecture,fixed_hidden_units,16
landsat,training,learning_rate,0.01
landsat,training,weight_decay,0.0001
landsat,training,batch_size,128
landsat,training,max_epochs,60
landsat,training,patience,8
landsat,training,min_delta,0.001
landsat,training,activation,relu
landsat,training,device,cpu
landsat,training,consolidation_epochs,15
landsat,training,evaluate_test,True
landsat,controller,min_epochs,8
landsat,controller,patience,8
landsat,controller,min_delta,0.001
landsat,controller,underfit_train_f1,0.95
landsat,controller,underfit_max_gap,0.08
landsat,controller,overfit_gap,0.15
landsat,controller,max_hidden_units,16
landsat,controller,max_epochs_per_stage,60
landsat,architecture,fixed_hidden_units,16
optdigits,training,learning_rate,0.01
optdigits,training,weight_decay,0.0001
optdigits,training,batch_size,128
optdigits,training,max_epochs,60
optdigits,training,patience,8
optdigits,training,min_delta,0.001
optdigits,training,activation,relu
optdigits,training,device,cpu
optdigits,training,consolidation_epochs,15
optdigits,training,evaluate_test,True
optdigits,controller,min_epochs,8
optdigits,controller,patience,8
optdigits,controller,min_delta,0.001
optdigits,controller,underfit_train_f1,0.95
optdigits,controller,underfit_max_gap,0.08
optdigits,controller,overfit_gap,0.15
optdigits,controller,max_hidden_units,16
optdigits,controller,max_epochs_per_stage,60
optdigits,architecture,fixed_hidden_units,16
