dataset,method,metric,n,mean,sd,median,q1,q3,minimum,maximum,ci_low,ci_high
dry_bean,adaptive_capacity_incremental,macro_f1,10,0.9365035829925784,0.0018634432113820106,0.9365042912445415,0.9354140939673037,0.9379490421303113,0.9338302960216972,0.9393473517609564,0.93542051200578,0.9375716504764479
dry_bean,adaptive_capacity_incremental,accuracy,10,0.9253968253968253,0.0021973386757117054,0.9256183093392395,0.9239571797711332,0.9269102990033223,0.9221114802510152,0.9287559985234404,0.9241417497231449,0.9266519010705057
dry_bean,adaptive_capacity_incremental,balanced_accuracy,10,0.9373179797816604,0.0018580546025538395,0.936789866230253,0.9362247129346063,0.9389056319370727,0.9345487258421198,0.940196152160062,0.9362640655591586,0.9384075922189447
dry_bean,adaptive_capacity_incremental,cross_entropy,10,0.21642495552634414,0.003890127716362392,0.2162972316028332,0.21286387360144304,0.21938193261614075,0.2113693734445532,0.2219439696643593,0.21414515396829867,0.21866096611160923
dry_bean,adaptive_capacity_incremental,minority_recall,10,0.9556044295250222,0.0019313215134627915,0.9552976810587646,0.9540986611104681,0.9563790176332138,0.9531350079098662,0.959505343982714,0.9545265752208976,0.9567762472508392
dry_bean,adaptive_capacity_incremental,majority_recall,10,0.9147145842307516,0.003496229602320785,0.9147846993662061,0.9126251809025736,0.9169348165409615,0.9087811562635632,0.9206712125177908,0.9126794360790735,0.916745417111731
dry_bean,adaptive_capacity_incremental,parameters,10,207.8,11.593101396951552,215.0,197.0,215.0,191.0,215.0,200.6,215.0
dry_bean,adaptive_capacity_incremental,hidden_units,10,3.7,0.48304589153964794,4.0,3.25,4.0,3.0,4.0,3.4,4.0
dry_bean,adaptive_capacity_incremental,runtime_seconds,10,5.267984337600001,0.16849306788986765,5.3021777234999945,5.184353562250024,5.370831856999985,4.927634948000048,5.462744471000008,5.163459006355016,5.3594788321625
dry_bean,adaptive_capacity_incremental,gradient_updates,10,7467.5,121.2511168333444,7461.5,7392.25,7521.75,7275.0,7685.0,7397.5,7540.1
dry_bean,adaptive_capacity_incremental,training_example_presentations,10,945712.2,15571.326988339106,945061.0,936125.5,952618.5,920805.0,973529.0,936700.145,954996.23
dry_bean,adaptive_capacity_incremental,training_epochs,10,180.5,3.2058973436118907,180.5,179.25,182.0,174.0,186.0,178.6,182.3
dry_bean,adaptive_capacity_incremental,validation_forgetting,10,0.02882655811179677,0.002867451150271726,0.02948833215700495,0.026582756960265075,0.030476372068931275,0.023810498398105,0.0328629267785971,0.02712350942941528,0.03044714379405769
dry_bean,all_class_baseline,macro_f1,10,0.9372042718519757,0.002178047385744619,0.9373685753639436,0.9356820636682545,0.9391460795300202,0.9341457483105052,0.939599060819701,0.9359512202413939,0.938459708282906
dry_bean,all_class_baseline,accuracy,10,0.9259136212624586,0.0023926164202852387,0.9269102990033223,0.923218899963086,0.9280177187153932,0.923218899963086,0.9283868586194168,0.9245108896271687,0.9273163528977484
dry_bean,all_class_baseline,balanced_accuracy,10,0.9371505894987944,0.0020483317909250963,0.9377964786126576,0.9351979403999909,0.9386894172550666,0.9345807006116776,0.9398661876704592,0.9359367623898166,0.9383128526719746
dry_bean,all_class_baseline,cross_entropy,10,0.20471427421212937,0.005305740304500742,0.20372784824564844,0.20110015502339862,0.20777514046492535,0.1975267839837868,0.2149776887799221,0.20177972013132123,0.20796886030933287
dry_bean,all_class_baseline,minority_recall,10,0.9553682910830729,0.0044758044283757115,0.9548636030404754,0.953802523440213,0.9583632364857042,0.94574989389204,0.9617046726087124,0.952594416792067,0.9578761141335803
dry_bean,all_class_baseline,majority_recall,10,0.9145601453460135,0.0030487076381903416,0.9157153940050614,0.9126510726256454,0.9166258671384324,0.9080201803230712,0.918293531306349,0.9126667412957832,0.9162118244003861
dry_bean,all_class_baseline,parameters,10,503.0,0.0,503.0,503.0,503.0,503.0,503.0,503.0,503.0
dry_bean,all_class_baseline,hidden_units,10,16.0,0.0,16.0,16.0,16.0,16.0,16.0,16.0,16.0
dry_bean,all_class_baseline,runtime_seconds,10,2.1470882157000006,0.45563272662427673,2.226237254500006,1.716094991000034,2.3924728782499898,1.5446680029999698,2.939779408999982,1.882239981215012,2.41452277111249
dry_bean,all_class_baseline,gradient_updates,10,1152.0,283.01864877699416,1248.0,896.0,1328.0,768.0,1600.0,985.6,1312.0
dry_bean,all_class_baseline,training_example_presentations,10,146250.0,35930.10189551683,158437.5,113750.0,168593.75,97500.0,203125.0,125125.0,166562.5
dry_bean,all_class_baseline,training_epochs,10,18.0,4.422166387140534,19.5,14.0,20.75,12.0,25.0,15.4,20.5
dry_bean,fixed_capacity_incremental,macro_f1,10,0.9374758596401627,0.002151726094501912,0.9371201118161555,0.9366369907668496,0.9388850339168782,0.9335551045767893,0.9410597383312684,0.9361993562043378,0.9387413687206536
dry_bean,fixed_capacity_incremental,accuracy,10,0.9258767072720561,0.0022066210676962984,0.9254337393872278,0.9250645994832042,0.9274640088593578,0.9221114802510152,0.9294942783314876,0.9245847176079736,0.9271686969361388
dry_bean,fixed_capacity_incremental,balanced_accuracy,10,0.9384837197094915,0.0018545837189552126,0.938734786692591,0.9376487463960089,0.939459958966295,0.9351971139670602,0.9417153089563758,0.9373829180403698,0.9395640293683436
dry_bean,fixed_capacity_incremental,cross_entropy,10,0.20309468394850816,0.0033821386004128477,0.2028950801663607,0.20094830948501982,0.20438609274668623,0.19740133099957,0.2089154679283561,0.20109160551373972,0.20507656738686983
dry_bean,fixed_capacity_incremental,minority_recall,10,0.9577663309796659,0.0024212248336323494,0.9573021568854421,0.9567320677547556,0.9594850870085273,0.9528996411621716,0.9612339391133232,0.9563039703669407,0.9591735154531774
dry_bean,fixed_capacity_incremental,majority_recall,10,0.9147351081991116,0.002936661139560783,0.9140128960677747,0.9127323025301846,0.9155468986717987,0.9115858913243878,0.9206895954049584,0.9131535944178375,0.9165745722198221
dry_bean,fixed_capacity_incremental,parameters,10,503.0,0.0,503.0,503.0,503.0,503.0,503.0,503.0,503.0
dry_bean,fixed_capacity_incremental,hidden_units,10,16.0,0.0,16.0,16.0,16.0,16.0,16.0,16.0,16.0
dry_bean,fixed_capacity_incremental,runtime_seconds,10,7.974077748700012,0.8993610863278166,7.718211464000035,7.3235642705,8.352331776499994,7.075599617000023,9.92810958199999,7.494841446880022,8.544037688429999
dry_bean,fixed_capacity_incremental,gradient_updates,10,4207.8,465.1159473125432,4091.0,3902.0,4406.25,3668.0,5225.0,3959.1924999999997,4500.7175
dry_bean,fixed_capacity_incremental,training_example_presentations,10,532843.2,58979.291195771046,518402.0,494457.5,557264.75,464643.0,662741.0,501404.925,569993.375
dry_bean,fixed_capacity_incremental,training_epochs,10,110.0,11.025223605694151,107.0,103.25,120.0,97.0,126.0,103.8,116.7
dry_bean,fixed_capacity_incremental,validation_forgetting,10,0.02824168259296545,0.0016961678802863798,0.02825197608683825,0.026889051829141752,0.0287659810979205,0.026234528191626,0.0314003568978287,0.02728734171638198,0.029276565606936235
landsat,adaptive_capacity_incremental,macro_f1,10,0.8699903638399207,0.0030518946788204776,0.8697457844696227,0.8690757462495917,0.8715508911480262,0.8655102953273431,0.8761459977207545,0.8682936421989708,0.8718275361445406
landsat,adaptive_capacity_incremental,accuracy,10,0.8853500000000001,0.0030372685096975056,0.88575,0.8831249999999999,0.887,0.8805,0.891,0.8836499999999999,0.8871500000000001
landsat,adaptive_capacity_incremental,balanced_accuracy,10,0.8690823131098027,0.0034752409268396334,0.8683735204644665,0.8671856308003174,0.8705905865806434,0.864542790058195,0.8758240330770914,0.8671810107035947,0.8711966476562477
landsat,adaptive_capacity_incremental,cross_entropy,10,0.30413736803522995,0.009139502595002966,0.3049076137595862,0.29841280910173046,0.31192888706590755,0.2905662299487218,0.3165089124890652,0.2987466943817504,0.30934898364831176
landsat,adaptive_capacity_incremental,minority_recall,10,0.7478223048773172,0.018911850043373795,0.7410662507248985,0.7361094446777452,0.7598861159437679,0.7257783910252564,0.7845301657767912,0.7374353340532326,0.759514742935989
landsat,adaptive_capacity_incremental,majority_recall,10,0.9124265011307517,0.006777395965367445,0.913725942677805,0.9083548714635159,0.9174337702496884,0.8987700189227859,0.9211519822771956,0.9082528384178703,0.9162666728204181
landsat,adaptive_capacity_incremental,parameters,10,660.6,60.13170729508868,673.5,652.0,695.0,523.0,738.0,621.9,690.7
landsat,adaptive_capacity_incremental,hidden_units,10,10.2,1.398411797560202,10.5,10.0,11.0,7.0,12.0,9.3,10.9
landsat,adaptive_capacity_incremental,runtime_seconds,10,5.744243730400006,0.24271173692527878,5.7716487840000354,5.6490344054999895,5.848812732500008,5.217136414000038,6.10035290999997,5.590262283800024,5.879028499935008
landsat,adaptive_capacity_incremental,gradient_updates,10,4591.2,123.30702422093488,4609.0,4545.5,4624.5,4368.0,4824.0,4519.3949999999995,4662.2
landsat,adaptive_capacity_incremental,training_example_presentations,10,578510.8,14877.036299836964,580948.5,571359.5,583708.5,551798.0,605966.0,569763.0025,586973.195
landsat,adaptive_capacity_incremental,training_epochs,10,281.2,14.702985335562904,280.5,276.25,283.5,259.0,314.0,273.2,290.4
landsat,adaptive_capacity_incremental,validation_forgetting,10,0.07993906004167195,0.004091193300225899,0.08053774928774925,0.07768874643874643,0.0820735398860399,0.0731619679380873,0.0864494301994302,0.07750988646511031,0.08228237485117146
landsat,all_class_baseline,macro_f1,10,0.8654934875337545,0.009660679685424787,0.8673213320591797,0.8640555702982229,0.8710927819658019,0.8410557664103471,0.8747307290494079,0.8588313053567443,0.8702412078466836
landsat,all_class_baseline,accuracy,10,0.8821,0.00822867614571815,0.88375,0.879875,0.8865,0.862,0.8905,0.87645,0.8862500000000001
landsat,all_class_baseline,balanced_accuracy,10,0.86455384256403,0.01055883787866148,0.8664783843877832,0.8615912494941449,0.8719727884856561,0.8394880282109725,0.8761305228697701,0.8574945927372072,0.8699573814245132
landsat,all_class_baseline,cross_entropy,10,0.30994936334399126,0.020691265264446517,0.3048145634341062,0.2974813654397624,0.3115930741437404,0.2921553245809659,0.3641438901276054,0.3002720236356866,0.32424799463530013
landsat,all_class_baseline,minority_recall,10,0.7355950166976624,0.02738473828716352,0.7352570640110385,0.7170221169036335,0.758708780770692,0.6886135940968264,0.7719019337292778,0.7186570880076788,0.7514377987081808
landsat,all_class_baseline,majority_recall,10,0.9130834910232151,0.00743353535832277,0.9126932662574423,0.910038884017169,0.9187843263949786,0.8966423593483177,0.9211935200996908,0.9084087667882034,0.9171198135413301
landsat,all_class_baseline,parameters,10,910.0,0.0,910.0,910.0,910.0,910.0,910.0,910.0,910.0
landsat,all_class_baseline,hidden_units,10,16.0,0.0,16.0,16.0,16.0,16.0,16.0,16.0,16.0
landsat,all_class_baseline,runtime_seconds,10,1.5722193454000035,0.6150160574461652,1.5726007590000108,1.0924953889999784,2.053708656000026,0.6315474400000198,2.400005044000011,1.2036394013625102,1.9335216070724977
landsat,all_class_baseline,gradient_updates,10,806.0,315.1140886867626,819.0,559.0,1059.5,312.0,1222.0,616.2,990.664999999999
landsat,all_class_baseline,training_example_presentations,10,103106.0,40310.363806622016,104769.0,71509.0,135534.5,39912.0,156322.0,78826.2,126728.91499999989
landsat,all_class_baseline,training_epochs,10,31.0,12.119772641798562,31.5,21.5,40.75,12.0,47.0,23.7,38.102499999999964
landsat,fixed_capacity_incremental,macro_f1,10,0.8724947838294617,0.005077022453204934,0.8729533520009058,0.8701060741075497,0.87496226394757,0.8620743933174412,0.8800935441041656,0.8693658932361181,0.8753756516221023
landsat,fixed_capacity_incremental,accuracy,10,0.8866499999999998,0.004048662330531731,0.88725,0.88475,0.88925,0.878,0.892,0.8840999999999999,0.88885
landsat,fixed_capacity_incremental,balanced_accuracy,10,0.8727658386806624,0.00618422478799755,0.8718076371249073,0.8705866153360943,0.8750052496032471,0.8604207437345076,0.8829975501310181,0.8690978761562335,0.8763999059614013
landsat,fixed_capacity_incremental,cross_entropy,10,0.29570790461260377,0.004952263076221364,0.2957665326223165,0.2929438282640362,0.2981615257534575,0.2873801548843152,0.3047458965418893,0.29285128397168786,0.29862027111887834
landsat,fixed_capacity_incremental,minority_recall,10,0.7648179254904313,0.02094988451432588,0.7651678764972905,0.7529220909072729,0.7743790869278301,0.7288979542863998,0.7961185434039234,0.7526426300317957,0.777126277321175
landsat,fixed_capacity_incremental,majority_recall,10,0.9083818710481377,0.009690029186875612,0.9089075552683805,0.902576498823095,0.9115723219642775,0.8924285780218766,0.9242603959939076,0.9027581114136705,0.9139055302995339
landsat,fixed_capacity_incremental,parameters,10,910.0,0.0,910.0,910.0,910.0,910.0,910.0,910.0,910.0
landsat,fixed_capacity_incremental,hidden_units,10,16.0,0.0,16.0,16.0,16.0,16.0,16.0,16.0,16.0
landsat,fixed_capacity_incremental,runtime_seconds,10,3.9622274348000017,0.5378437673872218,3.90090429899999,3.5621942504999993,4.394070734250036,3.273241836000011,4.889304435999975,3.65825037464001,4.281364861129992
landsat,fixed_capacity_incremental,gradient_updates,10,1907.4,279.1416207670301,1872.0,1705.0,2127.5,1574.0,2378.0,1750.2,2072.205
landsat,fixed_capacity_incremental,training_example_presentations,10,239941.4,35852.00808013099,235527.0,213403.75,267106.5,197608.0,301495.0,219857.7475,261284.76750000002
landsat,fixed_capacity_incremental,training_epochs,10,125.2,12.452576707921404,124.5,117.5,132.5,106.0,147.0,118.0,132.5
landsat,fixed_capacity_incremental,validation_forgetting,10,0.0883558170685036,0.009303093408262289,0.0895018763022494,0.08453492420376742,0.09328192105710757,0.0704950142450142,0.1013710826210826,0.08275104512161412,0.09359265039652162
optdigits,adaptive_capacity_incremental,macro_f1,10,0.910754334316719,0.00403144882275301,0.9109691442582505,0.9078095153255035,0.912811306118149,0.9046007683621882,0.9184931357063576,0.9084465384207515,0.9131679051536371
optdigits,adaptive_capacity_incremental,accuracy,10,0.912186978297162,0.0037541415368350073,0.9123539232053423,0.909432387312187,0.9141624930439622,0.9065108514190318,0.919309961046188,0.9100723427935448,0.9144129104062328
optdigits,adaptive_capacity_incremental,balanced_accuracy,10,0.9113680851766409,0.0038083257970037815,0.9116031009347313,0.9085945363895149,0.9133689138120127,0.9055761549421164,0.9185575598246818,0.9091985095452619,0.9136366406740765
optdigits,adaptive_capacity_incremental,cross_entropy,10,0.3155644087582102,0.02072316134217071,0.3089787781030502,0.3066857597917849,0.31196767737125414,0.296345406641477,0.3646024702792356,0.30513579973364474,0.3289497484510579
optdigits,adaptive_capacity_incremental,minority_recall,10,0.8300958946807757,0.009376372772228988,0.8307679308488188,0.823812032078115,0.8353856344780992,0.8152627398863713,0.8462650197093496,0.8246074593521641,0.8356038748557408
optdigits,adaptive_capacity_incremental,majority_recall,10,0.9589414635464804,0.0013529845462174036,0.959072242180885,0.9583499502252294,0.9597742785248444,0.956957351190612,0.9611629136348862,0.9581033939022154,0.9597531266702304
optdigits,adaptive_capacity_incremental,parameters,10,687.5,39.528470752104745,687.5,650.0,725.0,650.0,725.0,665.0,710.0
optdigits,adaptive_capacity_incremental,hidden_units,10,0.5,0.5270462766947299,0.5,0.0,1.0,0.0,1.0,0.2,0.8
optdigits,adaptive_capacity_incremental,runtime_seconds,10,1.6341866700000083,0.11541660059231147,1.6415044424999792,1.5616278120000402,1.6562977529999898,1.4972450679999838,1.9129230949999965,1.5738773012250233,1.711051998775011
optdigits,adaptive_capacity_incremental,gradient_updates,10,1072.4,107.20302649127444,1079.0,982.0,1147.25,929.0,1263.0,1010.3,1137.9
optdigits,adaptive_capacity_incremental,training_example_presentations,10,127390.1,12397.801959756147,128843.0,117233.0,135449.5,110218.0,149490.0,120161.6525,134972.1
optdigits,adaptive_capacity_incremental,training_epochs,10,257.7,28.134794590802805,260.0,232.75,269.5,225.0,318.0,241.8,275.9
optdigits,adaptive_capacity_incremental,validation_forgetting,10,0.03972555827493715,0.0029619119753829647,0.040753036215236446,0.03739760710451275,0.04079993412394223,0.034464542374251,0.0439270428071714,0.03794154227419831,0.04139654395417006
optdigits,all_class_baseline,macro_f1,10,0.9209602727930376,0.004652640902615847,0.9206988213862897,0.9176719164023532,0.924213771056353,0.9144129008476912,0.9294789218373236,0.9182931452952686,0.923721470977575
optdigits,all_class_baseline,accuracy,10,0.9222036727879799,0.004458043074991641,0.9220923761825264,0.9190317195325541,0.9252921535893155,0.915971062882582,0.9304396215915416,0.9196438508625485,0.9248747913188649
optdigits,all_class_baseline,balanced_accuracy,10,0.9213899507951337,0.004522826231302768,0.9212892196219298,0.9182052850166729,0.9245265129675788,0.9149572574481246,0.929631230258672,0.9187791012886708,0.9240873004231553
optdigits,all_class_baseline,cross_entropy,10,0.2819344328527512,0.017190590848671555,0.28081352616184846,0.268202268695964,0.2882820161074442,0.2601889959297493,0.3167759507473908,0.27249976156763334,0.2925551094231704
optdigits,all_class_baseline,minority_recall,10,0.8511270439144862,0.012063344554493599,0.8488637485736693,0.8446985586447905,0.8588610623595473,0.834594714266168,0.8712173841986277,0.8441720100405753,0.8582978934002858
optdigits,all_class_baseline,majority_recall,10,0.9626902530842762,0.003303077516132024,0.96189227575677,0.9611127406133666,0.9635377540243826,0.9584924092145198,0.97094893712673,0.9610186614450245,0.964902118851913
optdigits,all_class_baseline,parameters,10,1850.0,0.0,1850.0,1850.0,1850.0,1850.0,1850.0,1850.0,1850.0
optdigits,all_class_baseline,hidden_units,10,16.0,0.0,16.0,16.0,16.0,16.0,16.0,16.0,16.0
optdigits,all_class_baseline,runtime_seconds,10,0.63694348759999,0.16941342117092276,0.5793788149999841,0.5266716929999689,0.7150596422499973,0.473872101999973,1.0160593499999775,0.5471898706899953,0.7453719462349809
optdigits,all_class_baseline,gradient_updates,10,277.2,75.27549402029854,252.0,227.25,303.75,207.0,450.0,237.6,325.8
optdigits,all_class_baseline,training_example_presentations,10,35389.2,9610.171403258111,32172.0,29012.25,38778.75,26427.0,57450.0,30333.6,41593.8
optdigits,all_class_baseline,training_epochs,10,30.8,8.363943780033171,28.0,25.25,33.75,23.0,50.0,26.4,36.2
optdigits,fixed_capacity_incremental,macro_f1,10,0.9206991786298481,0.005617841951604633,0.9213540435771197,0.9169206794127841,0.9245545111806459,0.91121437351766,0.9291712925593943,0.9173931846754304,0.9238905522966333
optdigits,fixed_capacity_incremental,accuracy,10,0.9219254312743462,0.005259999455894579,0.9223706176961604,0.9183361157484696,0.9257095158597662,0.9131886477462438,0.9298831385642736,0.9188091263216475,0.9249304396215916
optdigits,fixed_capacity_incremental,balanced_accuracy,10,0.9211722484965801,0.005340352689061951,0.9216875727487319,0.9175430947835364,0.9249556676194234,0.9122455359305344,0.9293202640166772,0.9180348868956649,0.9242125897966742
optdigits,fixed_capacity_incremental,cross_entropy,10,0.33098432692038526,0.033731576224894616,0.32656995117309917,0.3048862895886721,0.34729009430203767,0.2878427858632197,0.3866839572997935,0.3118486396356152,0.35139015466809187
optdigits,fixed_capacity_incremental,minority_recall,10,0.8471783045725714,0.01129786835421833,0.8496021204239901,0.8374049307550409,0.8556715622519923,0.8290730423778512,0.861981676862218,0.840351945236916,0.853542177671157
optdigits,fixed_capacity_incremental,majority_recall,10,0.966093977770208,0.0034625310077239717,0.9654656908647952,0.964020727786158,0.9681166829986649,0.9612480257997428,0.9723229923418176,0.964148368623326,0.9681700845567008
optdigits,fixed_capacity_incremental,parameters,10,1850.0,0.0,1850.0,1850.0,1850.0,1850.0,1850.0,1850.0,1850.0
optdigits,fixed_capacity_incremental,hidden_units,10,16.0,0.0,16.0,16.0,16.0,16.0,16.0,16.0,16.0
optdigits,fixed_capacity_incremental,runtime_seconds,10,2.661618158500005,0.21842341305141127,2.668008187499993,2.5006328822500166,2.8462802937499703,2.2875097649999816,2.952609966999944,2.531256777122513,2.787278065570002
optdigits,fixed_capacity_incremental,gradient_updates,10,922.3,86.32760598763038,934.5,851.25,1002.0,773.0,1020.0,869.8,971.3
optdigits,fixed_capacity_incremental,training_example_presentations,10,109460.3,10460.641514744686,110806.0,101195.5,118411.0,90834.0,121346.0,103141.075,115376.5925
optdigits,fixed_capacity_incremental,training_epochs,10,225.3,16.4252515624233,222.0,215.5,229.5,205.0,258.0,216.4,235.3
optdigits,fixed_capacity_incremental,validation_forgetting,10,0.04001934649219007,0.0038763962852352094,0.03868523871232145,0.03686015143075387,0.04284208169304593,0.0365154331320734,0.0469981225684302,0.03792056275806863,0.04241860752107837
