dataset,label,class_name,method,mean_recall_difference,minimum,maximum
dry_bean,0,BARBUNYA,fixed_capacity_incremental,0.005660377358490542,-0.026415094339622747,0.060377358490566024
dry_bean,0,BARBUNYA,adaptive_capacity_incremental,-0.0011320754716981907,-0.02264150943396237,0.060377358490566024
dry_bean,1,BOMBAY,fixed_capacity_incremental,0.0,0.0,0.0
dry_bean,1,BOMBAY,adaptive_capacity_incremental,0.0,0.0,0.0
dry_bean,2,CALI,fixed_capacity_incremental,0.0015337423312883902,-0.027607361963190247,0.021472392638036797
dry_bean,2,CALI,adaptive_capacity_incremental,0.0018404907975460127,-0.033742331288343586,0.021472392638036797
dry_bean,3,DERMASON,fixed_capacity_incremental,-0.010296191819463996,-0.02538787023977429,0.008462623413258097
dry_bean,3,DERMASON,adaptive_capacity_incremental,-0.007898448519040858,-0.026798307475317196,0.007052186177715192
dry_bean,4,HOROZ,fixed_capacity_incremental,0.0016129032258063946,-0.013440860215053974,0.010752688172043001
dry_bean,4,HOROZ,adaptive_capacity_incremental,-6.661338147750939e-17,-0.010752688172043223,0.013440860215053752
dry_bean,5,SEKER,fixed_capacity_incremental,0.009113300492610832,-0.0024630541871921707,0.02216748768472898
dry_bean,5,SEKER,adaptive_capacity_incremental,0.004187192118226601,-0.007389162561576401,0.01970443349753681
dry_bean,6,SIRA,fixed_capacity_incremental,0.0017077798861480087,-0.03605313092979123,0.018975332068311146
dry_bean,6,SIRA,adaptive_capacity_incremental,0.004174573055028441,-0.034155597722960174,0.028462998102466774
landsat,0,1,fixed_capacity_incremental,-0.0021691973969631406,-0.010845986984815537,0.010845986984815648
landsat,0,1,adaptive_capacity_incremental,-0.0019522776572668543,-0.013015184381778622,0.004338394793926281
landsat,1,2,fixed_capacity_incremental,-0.001785714285714235,-0.017857142857142794,0.013392857142857206
landsat,1,2,adaptive_capacity_incremental,4.4408920985006264e-17,-0.017857142857142794,0.022321428571428603
landsat,2,3,fixed_capacity_incremental,0.002015113350125941,-0.04282115869017633,0.052896725440805925
landsat,2,3,adaptive_capacity_incremental,0.004030226700251905,-0.03526448362720391,0.040302267002519154
landsat,3,4,fixed_capacity_incremental,0.02890995260663508,-0.023696682464455,0.09952606635071093
landsat,3,4,adaptive_capacity_incremental,0.011374407582938395,-0.042654028436018954,0.09478672985781988
landsat,4,5,fixed_capacity_incremental,0.02953586497890296,-0.05907172995780585,0.10548523206751048
landsat,4,5,adaptive_capacity_incremental,0.013080168776371314,-0.0675105485232067,0.09704641350210974
landsat,5,7,fixed_capacity_incremental,-0.007234042553191511,-0.057446808510638325,0.04255319148936165
landsat,5,7,adaptive_capacity_incremental,0.0006382978723404209,-0.023404255319148914,0.04042553191489362
optdigits,0,0,fixed_capacity_incremental,-0.001685393258426915,-0.01123595505617958,0.011235955056179803
optdigits,0,0,adaptive_capacity_incremental,-0.010674157303370735,-0.016853932584269593,0.0
optdigits,1,1,fixed_capacity_incremental,0.0016483516483516314,-0.010989010989011061,0.01098901098901095
optdigits,1,1,adaptive_capacity_incremental,-0.0076923076923077535,-0.016483516483516647,0.010989010989010839
optdigits,2,2,fixed_capacity_incremental,0.016384180790960455,0.005649717514124242,0.03389830508474578
optdigits,2,2,adaptive_capacity_incremental,0.002824858757062143,-0.016949152542372947,0.016949152542372836
optdigits,3,3,fixed_capacity_incremental,-0.0027322404371584843,-0.021857923497268006,0.03278688524590179
optdigits,3,3,adaptive_capacity_incremental,0.0005464480874316724,-0.021857923497268006,0.02732240437158462
optdigits,4,4,fixed_capacity_incremental,0.0005524861878452803,-0.005524861878453136,0.01104972375690616
optdigits,4,4,adaptive_capacity_incremental,0.0,-0.005524861878453136,0.005524861878453136
optdigits,5,5,fixed_capacity_incremental,-0.000549450549450592,-0.010989010989011061,0.010989010989010839
optdigits,5,5,adaptive_capacity_incremental,-0.001098901098901095,-0.016483516483516425,0.005494505494505475
optdigits,6,6,fixed_capacity_incremental,-0.0033149171270717924,-0.016574585635359185,0.027624309392265123
optdigits,6,6,adaptive_capacity_incremental,-0.011049723756906072,-0.027624309392265123,0.0
optdigits,7,7,fixed_capacity_incremental,-0.00502793296089381,-0.03910614525139666,0.022346368715083997
optdigits,7,7,adaptive_capacity_incremental,-0.018994413407821164,-0.03910614525139666,0.005586592178770999
optdigits,8,8,fixed_capacity_incremental,0.009770114942528729,-0.074712643678161,0.07471264367816088
optdigits,8,8,adaptive_capacity_incremental,-0.005747126436781602,-0.05747126436781613,0.051724137931034475
optdigits,9,9,fixed_capacity_incremental,-0.017222222222222184,-0.07222222222222219,0.022222222222222254
optdigits,9,9,adaptive_capacity_incremental,-0.048333333333333305,-0.09444444444444444,-0.011111111111111072
