dataset,method,label,class_name,recall_mean,recall_sd,precision_mean,f1_mean,test_support,train_count,minority,majority
dry_bean,adaptive_capacity_incremental,0,BARBUNYA,0.9226415094339622,0.004075937546168457,0.9473169656862191,0.9348105342709477,265,793,True,False
dry_bean,adaptive_capacity_incremental,1,BOMBAY,1.0,0.0,1.0,1.0,104,313,True,False
dry_bean,adaptive_capacity_incremental,2,CALI,0.9441717791411044,0.004967262904495307,0.9319030265023569,0.9379830806743902,326,978,True,False
dry_bean,adaptive_capacity_incremental,3,DERMASON,0.9193229901269394,0.01177806583554053,0.9281991642024991,0.9236182555067126,709,2127,False,True
dry_bean,adaptive_capacity_incremental,4,HOROZ,0.950268817204301,0.004435257588087637,0.9350004495207992,0.9425501330718241,372,1116,False,False
dry_bean,adaptive_capacity_incremental,5,SEKER,0.9618226600985222,0.003894430615970902,0.9229086834432071,0.9419057957112121,406,1216,False,True
dry_bean,adaptive_capacity_incremental,6,SIRA,0.8629981024667931,0.01770579141780261,0.8871316652690695,0.8746572817129632,527,1582,False,True
dry_bean,all_class_baseline,0,BARBUNYA,0.9237735849056603,0.02206104278580501,0.9487851811355247,0.9358585424017759,265,793,True,False
dry_bean,all_class_baseline,1,BOMBAY,1.0,0.0,1.0,1.0,104,313,True,False
dry_bean,all_class_baseline,2,CALI,0.9423312883435584,0.011729759018159517,0.9374457575902786,0.9396589491678757,326,978,True,False
dry_bean,all_class_baseline,3,DERMASON,0.9272214386459803,0.009933324040428178,0.919523509529195,0.923300312412638,709,2127,False,True
dry_bean,all_class_baseline,4,HOROZ,0.9502688172043012,0.009159967876460966,0.9413016958451665,0.9456933994783704,372,1116,False,False
dry_bean,all_class_baseline,5,SEKER,0.9576354679802955,0.005664429658673352,0.9276292894626801,0.9422708320388908,406,1216,False,True
dry_bean,all_class_baseline,6,SIRA,0.8588235294117647,0.013949701456890774,0.889332121438485,0.8736478674642794,527,1582,False,True
dry_bean,fixed_capacity_incremental,0,BARBUNYA,0.9294339622641509,0.008353186272142963,0.9448387949021179,0.9370291376250846,265,793,True,False
dry_bean,fixed_capacity_incremental,1,BOMBAY,1.0,0.0,1.0,1.0,104,313,True,False
dry_bean,fixed_capacity_incremental,2,CALI,0.9438650306748467,0.00631136988221305,0.9393455592540338,0.941562612355835,326,978,True,False
dry_bean,fixed_capacity_incremental,3,DERMASON,0.9169252468265162,0.008289777442742322,0.9252768092752535,0.9210173870822377,709,2127,False,True
dry_bean,fixed_capacity_incremental,4,HOROZ,0.9518817204301075,0.00447131718633502,0.9398400006981588,0.9457939031752229,372,1116,False,False
dry_bean,fixed_capacity_incremental,5,SEKER,0.9667487684729064,0.007086484606581302,0.9200089873875795,0.9427338055354971,406,1216,False,True
dry_bean,fixed_capacity_incremental,6,SIRA,0.8605313092979128,0.012815180005916986,0.8885530635528136,0.8741941717072619,527,1582,False,True
landsat,adaptive_capacity_incremental,0,1,0.9867678958785249,0.003143465671624624,0.9730608712462431,0.9798607511258876,461,804,False,True
landsat,adaptive_capacity_incremental,1,2,0.9683035714285715,0.006803053244441945,0.9641121473198979,0.9661601262094471,224,359,False,False
landsat,adaptive_capacity_incremental,2,3,0.9256926952141058,0.017542050726932153,0.8883858107599549,0.9064762947460363,397,721,False,False
landsat,adaptive_capacity_incremental,3,4,0.6526066350710901,0.028962133176186206,0.6837428167823334,0.6666005346509395,211,311,True,False
landsat,adaptive_capacity_incremental,4,5,0.8430379746835444,0.022485928429492357,0.8671116384049149,0.8546573284318353,237,353,True,False
landsat,adaptive_capacity_incremental,5,7,0.8380851063829787,0.012220415887298122,0.8547031677950703,0.8461871478753773,470,778,False,True
landsat,all_class_baseline,0,1,0.9887201735357918,0.00548768357512949,0.9756639665605336,0.9821214781779158,461,804,False,True
landsat,all_class_baseline,1,2,0.9683035714285714,0.009746739817745684,0.9488732030238817,0.9584584452761218,224,359,False,False
landsat,all_class_baseline,2,3,0.9216624685138539,0.019991319818943275,0.8867681576095837,0.9037159981519641,397,721,False,False
landsat,all_class_baseline,3,4,0.6412322274881517,0.032456670461163864,0.676444029340488,0.6575667470007551,211,311,True,False
landsat,all_class_baseline,4,5,0.8299578059071729,0.04412147423910614,0.8701940389054608,0.8488425757279069,237,353,True,False
landsat,all_class_baseline,5,7,0.8374468085106382,0.014950919821902218,0.8475062253033793,0.8422556808678634,470,778,False,True
landsat,fixed_capacity_incremental,0,1,0.9865509761388285,0.005582142896780517,0.9772530290517736,0.9818638956364403,461,804,False,True
landsat,fixed_capacity_incremental,1,2,0.9665178571428571,0.004821979686315286,0.9636118977666837,0.9650320664218655,224,359,False,False
landsat,fixed_capacity_incremental,2,3,0.9236775818639797,0.023360749488940433,0.8927768268135153,0.9077000536557313,397,721,False,False
landsat,fixed_capacity_incremental,3,4,0.6701421800947867,0.022585865403679642,0.6741353138270546,0.6718409489941464,211,311,True,False
landsat,fixed_capacity_incremental,4,5,0.8594936708860759,0.031765673009797046,0.8718268783470524,0.8652808941862362,237,353,True,False
landsat,fixed_capacity_incremental,5,7,0.8302127659574469,0.022197561891701474,0.8575036312495763,0.8432508440823495,470,778,False,True
optdigits,adaptive_capacity_incremental,0,0,0.9797752808988764,0.002901111120754675,0.9536412509542567,0.9665023230727863,178,282,False,True
optdigits,adaptive_capacity_incremental,1,1,0.9818681318681317,0.008211176473062238,0.7452657304953804,0.8472399951745985,182,218,False,True
optdigits,adaptive_capacity_incremental,2,2,0.9440677966101696,0.007741922708510177,0.9642329728577277,0.9540278329913965,177,169,False,True
optdigits,adaptive_capacity_incremental,3,3,0.9300546448087431,0.006717336580905589,0.9383470609782215,0.9341608570202599,183,130,False,True
optdigits,adaptive_capacity_incremental,4,4,0.9707182320441989,0.0026687618317107987,0.8969909284971115,0.9323682555364188,181,101,False,False
optdigits,adaptive_capacity_incremental,5,5,0.9868131868131869,0.0046333738610525475,0.9090670709330997,0.9462947630389772,182,78,False,False
optdigits,adaptive_capacity_incremental,6,6,0.9535911602209944,0.007457995112823737,0.9691988716166563,0.96130355505243,181,60,True,False
optdigits,adaptive_capacity_incremental,7,7,0.9122905027932962,0.012366448950379137,0.9807916807249389,0.9452623029553072,179,47,True,False
optdigits,adaptive_capacity_incremental,8,8,0.7017241379310345,0.019620823952596733,0.9002044017627243,0.788389680758619,174,36,True,False
optdigits,adaptive_capacity_incremental,9,9,0.7527777777777778,0.017616942213370766,0.930009348644709,0.8319937775663975,180,28,True,False
optdigits,all_class_baseline,0,0,0.9904494382022472,0.0046251269794862345,0.978045271099587,0.9841382341987718,178,282,False,True
optdigits,all_class_baseline,1,1,0.9895604395604396,0.0054638951978667385,0.7646443337594462,0.8625129620443726,182,218,False,True
optdigits,all_class_baseline,2,2,0.9412429378531073,0.01003609234988643,0.9564628620426496,0.9487378916320026,177,169,False,True
optdigits,all_class_baseline,3,3,0.9295081967213115,0.0116490178180834,0.9435455603504954,0.9364025467551544,183,130,False,True
optdigits,all_class_baseline,4,4,0.9707182320441989,0.0026687618317108295,0.8914968594525643,0.9294064130798343,181,101,False,False
optdigits,all_class_baseline,5,5,0.987912087912088,0.0043341243832231155,0.9231865043361202,0.954400407483513,182,78,False,False
optdigits,all_class_baseline,6,6,0.9646408839779005,0.010801383645388669,0.9843494405260422,0.9743214420959234,181,60,True,False
optdigits,all_class_baseline,7,7,0.9312849162011172,0.00699254501136636,0.9754805501940721,0.9528469779143733,179,47,True,False
optdigits,all_class_baseline,8,8,0.7074712643678162,0.029609943034911972,0.9284402338271514,0.8024624846465306,174,36,True,False
optdigits,all_class_baseline,9,9,0.8011111111111111,0.022345337968886436,0.9389611174157194,0.8643733680799001,180,28,True,False
optdigits,fixed_capacity_incremental,0,0,0.9887640449438202,0.005296680008887955,0.9719366861418097,0.9802518426131253,178,282,False,True
optdigits,fixed_capacity_incremental,1,1,0.9912087912087912,0.007856267615211405,0.7628986275577233,0.8621536427797964,182,218,False,True
optdigits,fixed_capacity_incremental,2,2,0.9576271186440678,0.007171161116632687,0.9631875176917987,0.9603623129296948,177,169,False,True
optdigits,fixed_capacity_incremental,3,3,0.926775956284153,0.008227023526875224,0.9465542378421935,0.9365143498463727,183,130,False,True
optdigits,fixed_capacity_incremental,4,4,0.9712707182320441,0.00507699769874415,0.9144992486336901,0.9419524239994888,181,101,False,False
optdigits,fixed_capacity_incremental,5,5,0.9873626373626374,0.006877283280409739,0.9045591307714258,0.9440804313704868,182,78,False,False
optdigits,fixed_capacity_incremental,6,6,0.9613259668508288,0.006379560985520696,0.9819829182946929,0.9715233544044306,181,60,True,False
optdigits,fixed_capacity_incremental,7,7,0.9262569832402235,0.015535682394498485,0.9818224102897432,0.9531099838094169,179,47,True,False
optdigits,fixed_capacity_incremental,8,8,0.7172413793103448,0.03581914449814632,0.9178488913177081,0.8047972337800896,174,36,True,False
optdigits,fixed_capacity_incremental,9,9,0.7838888888888889,0.02134856709178454,0.9343048797853974,0.852246210765578,180,28,True,False
