dataset,method,seed,macro_f1_change
dry_bean,adaptive_capacity_incremental,1001,0.002199615795656751
dry_bean,adaptive_capacity_incremental,1002,0.0008798436649879449
dry_bean,adaptive_capacity_incremental,1003,0.0
dry_bean,adaptive_capacity_incremental,1004,0.0011006758702659658
dry_bean,adaptive_capacity_incremental,1005,0.0
dry_bean,adaptive_capacity_incremental,1006,0.002243304991643824
dry_bean,adaptive_capacity_incremental,1007,0.0
dry_bean,adaptive_capacity_incremental,1008,0.0
dry_bean,adaptive_capacity_incremental,1009,0.0008717230147453625
dry_bean,adaptive_capacity_incremental,1010,0.0016285991576248104
dry_bean,fixed_capacity_incremental,1001,0.0018674979186393825
dry_bean,fixed_capacity_incremental,1002,0.0
dry_bean,fixed_capacity_incremental,1003,0.0
dry_bean,fixed_capacity_incremental,1004,0.002791425928518332
dry_bean,fixed_capacity_incremental,1005,0.0010492668020299911
dry_bean,fixed_capacity_incremental,1006,0.002144661199358744
dry_bean,fixed_capacity_incremental,1007,0.00023840252794904426
dry_bean,fixed_capacity_incremental,1008,0.0
dry_bean,fixed_capacity_incremental,1009,0.004477860498264263
dry_bean,fixed_capacity_incremental,1010,0.0007336936737531996
landsat,adaptive_capacity_incremental,1001,0.0
landsat,adaptive_capacity_incremental,1002,0.0
landsat,adaptive_capacity_incremental,1003,0.0015105418620990907
landsat,adaptive_capacity_incremental,1004,0.0015920973100433944
landsat,adaptive_capacity_incremental,1005,0.0
landsat,adaptive_capacity_incremental,1006,0.002601989195798793
landsat,adaptive_capacity_incremental,1007,0.0
landsat,adaptive_capacity_incremental,1008,0.0
landsat,adaptive_capacity_incremental,1009,0.0
landsat,adaptive_capacity_incremental,1010,0.0
landsat,fixed_capacity_incremental,1001,0.004138283415408672
landsat,fixed_capacity_incremental,1002,0.004745118100084156
landsat,fixed_capacity_incremental,1003,0.006898751734866093
landsat,fixed_capacity_incremental,1004,0.001310589510433391
landsat,fixed_capacity_incremental,1005,0.0
landsat,fixed_capacity_incremental,1006,0.0059529672204781114
landsat,fixed_capacity_incremental,1007,0.0
landsat,fixed_capacity_incremental,1008,0.0
landsat,fixed_capacity_incremental,1009,0.00534244305246645
landsat,fixed_capacity_incremental,1010,0.010073247633369697
optdigits,adaptive_capacity_incremental,1001,0.00109906607943
optdigits,adaptive_capacity_incremental,1002,0.0
optdigits,adaptive_capacity_incremental,1003,0.0021148832446503674
optdigits,adaptive_capacity_incremental,1004,0.005316161239478423
optdigits,adaptive_capacity_incremental,1005,0.0019771332971108
optdigits,adaptive_capacity_incremental,1006,0.0019421940224534362
optdigits,adaptive_capacity_incremental,1007,0.0012118709912102288
optdigits,adaptive_capacity_incremental,1008,0.0020442477860763697
optdigits,adaptive_capacity_incremental,1009,0.0040289257511273435
optdigits,adaptive_capacity_incremental,1010,0.004805442189364961
optdigits,fixed_capacity_incremental,1001,0.0051371634278930545
optdigits,fixed_capacity_incremental,1002,0.00018123944667525205
optdigits,fixed_capacity_incremental,1003,0.0058194489741481
optdigits,fixed_capacity_incremental,1004,0.005593648227017023
optdigits,fixed_capacity_incremental,1005,0.0029966829609255896
optdigits,fixed_capacity_incremental,1006,0.01113142678522483
optdigits,fixed_capacity_incremental,1007,0.01098258889338255
optdigits,fixed_capacity_incremental,1008,0.0013608868737747803
optdigits,fixed_capacity_incremental,1009,0.005531057178132404
optdigits,fixed_capacity_incremental,1010,0.006166503013182445
