class,dataset,epoch,epochs,event,global_epoch,hidden_units_after,hidden_units_before,method,seed,seen_classes,stage
2,dry_bean,,,class_added,,,,fixed_capacity_incremental,1001,"[1, 0, 2]",1
4,dry_bean,,,class_added,,,,fixed_capacity_incremental,1001,"[1, 0, 2, 4]",2
5,dry_bean,,,class_added,,,,fixed_capacity_incremental,1001,"[1, 0, 2, 4, 5]",3
6,dry_bean,,,class_added,,,,fixed_capacity_incremental,1001,"[1, 0, 2, 4, 5, 6]",4
3,dry_bean,,,class_added,,,,fixed_capacity_incremental,1001,"[1, 0, 2, 4, 5, 6, 3]",5
,dry_bean,,15,consolidation_completed,,,,fixed_capacity_incremental,1001,"[1, 0, 2, 4, 5, 6, 3]",
2,dry_bean,,,class_added,,,,adaptive_capacity_incremental,1001,"[1, 0, 2]",1
4,dry_bean,,,class_added,,,,adaptive_capacity_incremental,1001,"[1, 0, 2, 4]",2
5,dry_bean,,,class_added,,,,adaptive_capacity_incremental,1001,"[1, 0, 2, 4, 5]",3
6,dry_bean,,,class_added,,,,adaptive_capacity_incremental,1001,"[1, 0, 2, 4, 5, 6]",4
3,dry_bean,,,class_added,,,,adaptive_capacity_incremental,1001,"[1, 0, 2, 4, 5, 6, 3]",5
,dry_bean,19,,hidden_unit_added,127,1,0,adaptive_capacity_incremental,1001,,5
,dry_bean,31,,hidden_unit_added,139,2,1,adaptive_capacity_incremental,1001,,5
,dry_bean,42,,hidden_unit_added,150,3,2,adaptive_capacity_incremental,1001,,5
,dry_bean,53,,hidden_unit_added,161,4,3,adaptive_capacity_incremental,1001,,5
,dry_bean,,15,consolidation_completed,,,,adaptive_capacity_incremental,1001,"[1, 0, 2, 4, 5, 6, 3]",
2,dry_bean,,,class_added,,,,fixed_capacity_incremental,1002,"[1, 0, 2]",1
4,dry_bean,,,class_added,,,,fixed_capacity_incremental,1002,"[1, 0, 2, 4]",2
5,dry_bean,,,class_added,,,,fixed_capacity_incremental,1002,"[1, 0, 2, 4, 5]",3
6,dry_bean,,,class_added,,,,fixed_capacity_incremental,1002,"[1, 0, 2, 4, 5, 6]",4
3,dry_bean,,,class_added,,,,fixed_capacity_incremental,1002,"[1, 0, 2, 4, 5, 6, 3]",5
,dry_bean,,15,consolidation_completed,,,,fixed_capacity_incremental,1002,"[1, 0, 2, 4, 5, 6, 3]",
2,dry_bean,,,class_added,,,,adaptive_capacity_incremental,1002,"[1, 0, 2]",1
4,dry_bean,,,class_added,,,,adaptive_capacity_incremental,1002,"[1, 0, 2, 4]",2
5,dry_bean,,,class_added,,,,adaptive_capacity_incremental,1002,"[1, 0, 2, 4, 5]",3
6,dry_bean,,,class_added,,,,adaptive_capacity_incremental,1002,"[1, 0, 2, 4, 5, 6]",4
3,dry_bean,,,class_added,,,,adaptive_capacity_incremental,1002,"[1, 0, 2, 4, 5, 6, 3]",5
,dry_bean,12,,hidden_unit_added,119,1,0,adaptive_capacity_incremental,1002,,5
,dry_bean,32,,hidden_unit_added,139,2,1,adaptive_capacity_incremental,1002,,5
,dry_bean,41,,hidden_unit_added,148,3,2,adaptive_capacity_incremental,1002,,5
,dry_bean,53,,hidden_unit_added,160,4,3,adaptive_capacity_incremental,1002,,5
,dry_bean,,15,consolidation_completed,,,,adaptive_capacity_incremental,1002,"[1, 0, 2, 4, 5, 6, 3]",
2,dry_bean,,,class_added,,,,fixed_capacity_incremental,1003,"[1, 0, 2]",1
4,dry_bean,,,class_added,,,,fixed_capacity_incremental,1003,"[1, 0, 2, 4]",2
5,dry_bean,,,class_added,,,,fixed_capacity_incremental,1003,"[1, 0, 2, 4, 5]",3
6,dry_bean,,,class_added,,,,fixed_capacity_incremental,1003,"[1, 0, 2, 4, 5, 6]",4
3,dry_bean,,,class_added,,,,fixed_capacity_incremental,1003,"[1, 0, 2, 4, 5, 6, 3]",5
,dry_bean,,15,consolidation_completed,,,,fixed_capacity_incremental,1003,"[1, 0, 2, 4, 5, 6, 3]",
2,dry_bean,,,class_added,,,,adaptive_capacity_incremental,1003,"[1, 0, 2]",1
4,dry_bean,,,class_added,,,,adaptive_capacity_incremental,1003,"[1, 0, 2, 4]",2
5,dry_bean,,,class_added,,,,adaptive_capacity_incremental,1003,"[1, 0, 2, 4, 5]",3
6,dry_bean,,,class_added,,,,adaptive_capacity_incremental,1003,"[1, 0, 2, 4, 5, 6]",4
3,dry_bean,,,class_added,,,,adaptive_capacity_incremental,1003,"[1, 0, 2, 4, 5, 6, 3]",5
,dry_bean,19,,hidden_unit_added,125,1,0,adaptive_capacity_incremental,1003,,5
,dry_bean,40,,hidden_unit_added,146,2,1,adaptive_capacity_incremental,1003,,5
,dry_bean,53,,hidden_unit_added,159,3,2,adaptive_capacity_incremental,1003,,5
,dry_bean,,15,consolidation_completed,,,,adaptive_capacity_incremental,1003,"[1, 0, 2, 4, 5, 6, 3]",
2,dry_bean,,,class_added,,,,fixed_capacity_incremental,1004,"[1, 0, 2]",1
4,dry_bean,,,class_added,,,,fixed_capacity_incremental,1004,"[1, 0, 2, 4]",2
5,dry_bean,,,class_added,,,,fixed_capacity_incremental,1004,"[1, 0, 2, 4, 5]",3
6,dry_bean,,,class_added,,,,fixed_capacity_incremental,1004,"[1, 0, 2, 4, 5, 6]",4
3,dry_bean,,,class_added,,,,fixed_capacity_incremental,1004,"[1, 0, 2, 4, 5, 6, 3]",5
,dry_bean,,15,consolidation_completed,,,,fixed_capacity_incremental,1004,"[1, 0, 2, 4, 5, 6, 3]",
2,dry_bean,,,class_added,,,,adaptive_capacity_incremental,1004,"[1, 0, 2]",1
4,dry_bean,,,class_added,,,,adaptive_capacity_incremental,1004,"[1, 0, 2, 4]",2
5,dry_bean,,,class_added,,,,adaptive_capacity_incremental,1004,"[1, 0, 2, 4, 5]",3
6,dry_bean,,,class_added,,,,adaptive_capacity_incremental,1004,"[1, 0, 2, 4, 5, 6]",4
3,dry_bean,,,class_added,,,,adaptive_capacity_incremental,1004,"[1, 0, 2, 4, 5, 6, 3]",5
,dry_bean,12,,hidden_unit_added,117,1,0,adaptive_capacity_incremental,1004,,5
,dry_bean,27,,hidden_unit_added,132,2,1,adaptive_capacity_incremental,1004,,5
,dry_bean,42,,hidden_unit_added,147,3,2,adaptive_capacity_incremental,1004,,5
,dry_bean,57,,hidden_unit_added,162,4,3,adaptive_capacity_incremental,1004,,5
,dry_bean,,15,consolidation_completed,,,,adaptive_capacity_incremental,1004,"[1, 0, 2, 4, 5, 6, 3]",
2,dry_bean,,,class_added,,,,fixed_capacity_incremental,1005,"[1, 0, 2]",1
4,dry_bean,,,class_added,,,,fixed_capacity_incremental,1005,"[1, 0, 2, 4]",2
5,dry_bean,,,class_added,,,,fixed_capacity_incremental,1005,"[1, 0, 2, 4, 5]",3
6,dry_bean,,,class_added,,,,fixed_capacity_incremental,1005,"[1, 0, 2, 4, 5, 6]",4
3,dry_bean,,,class_added,,,,fixed_capacity_incremental,1005,"[1, 0, 2, 4, 5, 6, 3]",5
,dry_bean,,15,consolidation_completed,,,,fixed_capacity_incremental,1005,"[1, 0, 2, 4, 5, 6, 3]",
2,dry_bean,,,class_added,,,,adaptive_capacity_incremental,1005,"[1, 0, 2]",1
4,dry_bean,,,class_added,,,,adaptive_capacity_incremental,1005,"[1, 0, 2, 4]",2
5,dry_bean,,,class_added,,,,adaptive_capacity_incremental,1005,"[1, 0, 2, 4, 5]",3
6,dry_bean,,,class_added,,,,adaptive_capacity_incremental,1005,"[1, 0, 2, 4, 5, 6]",4
3,dry_bean,,,class_added,,,,adaptive_capacity_incremental,1005,"[1, 0, 2, 4, 5, 6, 3]",5
,dry_bean,19,,hidden_unit_added,123,1,0,adaptive_capacity_incremental,1005,,5
,dry_bean,30,,hidden_unit_added,134,2,1,adaptive_capacity_incremental,1005,,5
,dry_bean,41,,hidden_unit_added,145,3,2,adaptive_capacity_incremental,1005,,5
,dry_bean,53,,hidden_unit_added,157,4,3,adaptive_capacity_incremental,1005,,5
,dry_bean,,15,consolidation_completed,,,,adaptive_capacity_incremental,1005,"[1, 0, 2, 4, 5, 6, 3]",
2,dry_bean,,,class_added,,,,fixed_capacity_incremental,1006,"[1, 0, 2]",1
4,dry_bean,,,class_added,,,,fixed_capacity_incremental,1006,"[1, 0, 2, 4]",2
5,dry_bean,,,class_added,,,,fixed_capacity_incremental,1006,"[1, 0, 2, 4, 5]",3
6,dry_bean,,,class_added,,,,fixed_capacity_incremental,1006,"[1, 0, 2, 4, 5, 6]",4
3,dry_bean,,,class_added,,,,fixed_capacity_incremental,1006,"[1, 0, 2, 4, 5, 6, 3]",5
,dry_bean,,15,consolidation_completed,,,,fixed_capacity_incremental,1006,"[1, 0, 2, 4, 5, 6, 3]",
2,dry_bean,,,class_added,,,,adaptive_capacity_incremental,1006,"[1, 0, 2]",1
4,dry_bean,,,class_added,,,,adaptive_capacity_incremental,1006,"[1, 0, 2, 4]",2
5,dry_bean,,,class_added,,,,adaptive_capacity_incremental,1006,"[1, 0, 2, 4, 5]",3
6,dry_bean,,,class_added,,,,adaptive_capacity_incremental,1006,"[1, 0, 2, 4, 5, 6]",4
3,dry_bean,,,class_added,,,,adaptive_capacity_incremental,1006,"[1, 0, 2, 4, 5, 6, 3]",5
,dry_bean,16,,hidden_unit_added,119,1,0,adaptive_capacity_incremental,1006,,5
,dry_bean,27,,hidden_unit_added,130,2,1,adaptive_capacity_incremental,1006,,5
,dry_bean,42,,hidden_unit_added,145,3,2,adaptive_capacity_incremental,1006,,5
,dry_bean,53,,hidden_unit_added,156,4,3,adaptive_capacity_incremental,1006,,5
,dry_bean,,15,consolidation_completed,,,,adaptive_capacity_incremental,1006,"[1, 0, 2, 4, 5, 6, 3]",
2,dry_bean,,,class_added,,,,fixed_capacity_incremental,1007,"[1, 0, 2]",1
4,dry_bean,,,class_added,,,,fixed_capacity_incremental,1007,"[1, 0, 2, 4]",2
5,dry_bean,,,class_added,,,,fixed_capacity_incremental,1007,"[1, 0, 2, 4, 5]",3
6,dry_bean,,,class_added,,,,fixed_capacity_incremental,1007,"[1, 0, 2, 4, 5, 6]",4
3,dry_bean,,,class_added,,,,fixed_capacity_incremental,1007,"[1, 0, 2, 4, 5, 6, 3]",5
,dry_bean,,15,consolidation_completed,,,,fixed_capacity_incremental,1007,"[1, 0, 2, 4, 5, 6, 3]",
2,dry_bean,,,class_added,,,,adaptive_capacity_incremental,1007,"[1, 0, 2]",1
4,dry_bean,,,class_added,,,,adaptive_capacity_incremental,1007,"[1, 0, 2, 4]",2
5,dry_bean,,,class_added,,,,adaptive_capacity_incremental,1007,"[1, 0, 2, 4, 5]",3
6,dry_bean,,,class_added,,,,adaptive_capacity_incremental,1007,"[1, 0, 2, 4, 5, 6]",4
3,dry_bean,,,class_added,,,,adaptive_capacity_incremental,1007,"[1, 0, 2, 4, 5, 6, 3]",5
,dry_bean,22,,hidden_unit_added,129,1,0,adaptive_capacity_incremental,1007,,5
,dry_bean,35,,hidden_unit_added,142,2,1,adaptive_capacity_incremental,1007,,5
,dry_bean,56,,hidden_unit_added,163,3,2,adaptive_capacity_incremental,1007,,5
,dry_bean,,15,consolidation_completed,,,,adaptive_capacity_incremental,1007,"[1, 0, 2, 4, 5, 6, 3]",
2,dry_bean,,,class_added,,,,fixed_capacity_incremental,1008,"[1, 0, 2]",1
4,dry_bean,,,class_added,,,,fixed_capacity_incremental,1008,"[1, 0, 2, 4]",2
5,dry_bean,,,class_added,,,,fixed_capacity_incremental,1008,"[1, 0, 2, 4, 5]",3
6,dry_bean,,,class_added,,,,fixed_capacity_incremental,1008,"[1, 0, 2, 4, 5, 6]",4
3,dry_bean,,,class_added,,,,fixed_capacity_incremental,1008,"[1, 0, 2, 4, 5, 6, 3]",5
,dry_bean,,15,consolidation_completed,,,,fixed_capacity_incremental,1008,"[1, 0, 2, 4, 5, 6, 3]",
2,dry_bean,,,class_added,,,,adaptive_capacity_incremental,1008,"[1, 0, 2]",1
4,dry_bean,,,class_added,,,,adaptive_capacity_incremental,1008,"[1, 0, 2, 4]",2
5,dry_bean,,,class_added,,,,adaptive_capacity_incremental,1008,"[1, 0, 2, 4, 5]",3
6,dry_bean,,,class_added,,,,adaptive_capacity_incremental,1008,"[1, 0, 2, 4, 5, 6]",4
3,dry_bean,,,class_added,,,,adaptive_capacity_incremental,1008,"[1, 0, 2, 4, 5, 6, 3]",5
,dry_bean,17,,hidden_unit_added,128,1,0,adaptive_capacity_incremental,1008,,5
,dry_bean,31,,hidden_unit_added,142,2,1,adaptive_capacity_incremental,1008,,5
,dry_bean,45,,hidden_unit_added,156,3,2,adaptive_capacity_incremental,1008,,5
,dry_bean,55,,hidden_unit_added,166,4,3,adaptive_capacity_incremental,1008,,5
,dry_bean,,15,consolidation_completed,,,,adaptive_capacity_incremental,1008,"[1, 0, 2, 4, 5, 6, 3]",
2,dry_bean,,,class_added,,,,fixed_capacity_incremental,1009,"[1, 0, 2]",1
4,dry_bean,,,class_added,,,,fixed_capacity_incremental,1009,"[1, 0, 2, 4]",2
5,dry_bean,,,class_added,,,,fixed_capacity_incremental,1009,"[1, 0, 2, 4, 5]",3
6,dry_bean,,,class_added,,,,fixed_capacity_incremental,1009,"[1, 0, 2, 4, 5, 6]",4
3,dry_bean,,,class_added,,,,fixed_capacity_incremental,1009,"[1, 0, 2, 4, 5, 6, 3]",5
,dry_bean,,15,consolidation_completed,,,,fixed_capacity_incremental,1009,"[1, 0, 2, 4, 5, 6, 3]",
2,dry_bean,,,class_added,,,,adaptive_capacity_incremental,1009,"[1, 0, 2]",1
4,dry_bean,,,class_added,,,,adaptive_capacity_incremental,1009,"[1, 0, 2, 4]",2
5,dry_bean,,,class_added,,,,adaptive_capacity_incremental,1009,"[1, 0, 2, 4, 5]",3
6,dry_bean,,,class_added,,,,adaptive_capacity_incremental,1009,"[1, 0, 2, 4, 5, 6]",4
3,dry_bean,,,class_added,,,,adaptive_capacity_incremental,1009,"[1, 0, 2, 4, 5, 6, 3]",5
,dry_bean,22,,hidden_unit_added,127,1,0,adaptive_capacity_incremental,1009,,5
,dry_bean,35,,hidden_unit_added,140,2,1,adaptive_capacity_incremental,1009,,5
,dry_bean,51,,hidden_unit_added,156,3,2,adaptive_capacity_incremental,1009,,5
,dry_bean,,15,consolidation_completed,,,,adaptive_capacity_incremental,1009,"[1, 0, 2, 4, 5, 6, 3]",
2,dry_bean,,,class_added,,,,fixed_capacity_incremental,1010,"[1, 0, 2]",1
4,dry_bean,,,class_added,,,,fixed_capacity_incremental,1010,"[1, 0, 2, 4]",2
5,dry_bean,,,class_added,,,,fixed_capacity_incremental,1010,"[1, 0, 2, 4, 5]",3
6,dry_bean,,,class_added,,,,fixed_capacity_incremental,1010,"[1, 0, 2, 4, 5, 6]",4
3,dry_bean,,,class_added,,,,fixed_capacity_incremental,1010,"[1, 0, 2, 4, 5, 6, 3]",5
,dry_bean,,15,consolidation_completed,,,,fixed_capacity_incremental,1010,"[1, 0, 2, 4, 5, 6, 3]",
2,dry_bean,,,class_added,,,,adaptive_capacity_incremental,1010,"[1, 0, 2]",1
4,dry_bean,,,class_added,,,,adaptive_capacity_incremental,1010,"[1, 0, 2, 4]",2
5,dry_bean,,,class_added,,,,adaptive_capacity_incremental,1010,"[1, 0, 2, 4, 5]",3
6,dry_bean,,,class_added,,,,adaptive_capacity_incremental,1010,"[1, 0, 2, 4, 5, 6]",4
3,dry_bean,,,class_added,,,,adaptive_capacity_incremental,1010,"[1, 0, 2, 4, 5, 6, 3]",5
,dry_bean,19,,hidden_unit_added,118,1,0,adaptive_capacity_incremental,1010,,5
,dry_bean,28,,hidden_unit_added,127,2,1,adaptive_capacity_incremental,1010,,5
,dry_bean,46,,hidden_unit_added,145,3,2,adaptive_capacity_incremental,1010,,5
,dry_bean,55,,hidden_unit_added,154,4,3,adaptive_capacity_incremental,1010,,5
,dry_bean,,15,consolidation_completed,,,,adaptive_capacity_incremental,1010,"[1, 0, 2, 4, 5, 6, 3]",
1,landsat,,,class_added,,,,fixed_capacity_incremental,1001,"[3, 4, 1]",1
2,landsat,,,class_added,,,,fixed_capacity_incremental,1001,"[3, 4, 1, 2]",2
5,landsat,,,class_added,,,,fixed_capacity_incremental,1001,"[3, 4, 1, 2, 5]",3
0,landsat,,,class_added,,,,fixed_capacity_incremental,1001,"[3, 4, 1, 2, 5, 0]",4
,landsat,,15,consolidation_completed,,,,fixed_capacity_incremental,1001,"[3, 4, 1, 2, 5, 0]",
,landsat,22,,hidden_unit_added,22,1,0,adaptive_capacity_incremental,1001,,0
1,landsat,,,class_added,,,,adaptive_capacity_incremental,1001,"[3, 4, 1]",1
,landsat,19,,hidden_unit_added,70,2,1,adaptive_capacity_incremental,1001,,1
2,landsat,,,class_added,,,,adaptive_capacity_incremental,1001,"[3, 4, 1, 2]",2
,landsat,10,,hidden_unit_added,90,3,2,adaptive_capacity_incremental,1001,,2
,landsat,42,,hidden_unit_added,122,4,3,adaptive_capacity_incremental,1001,,2
,landsat,54,,hidden_unit_added,134,5,4,adaptive_capacity_incremental,1001,,2
5,landsat,,,class_added,,,,adaptive_capacity_incremental,1001,"[3, 4, 1, 2, 5]",3
,landsat,15,,hidden_unit_added,155,6,5,adaptive_capacity_incremental,1001,,3
,landsat,41,,hidden_unit_added,181,7,6,adaptive_capacity_incremental,1001,,3
0,landsat,,,class_added,,,,adaptive_capacity_incremental,1001,"[3, 4, 1, 2, 5, 0]",4
,landsat,16,,hidden_unit_added,216,8,7,adaptive_capacity_incremental,1001,,4
,landsat,30,,hidden_unit_added,230,9,8,adaptive_capacity_incremental,1001,,4
,landsat,54,,hidden_unit_added,254,10,9,adaptive_capacity_incremental,1001,,4
,landsat,,15,consolidation_completed,,,,adaptive_capacity_incremental,1001,"[3, 4, 1, 2, 5, 0]",
1,landsat,,,class_added,,,,fixed_capacity_incremental,1002,"[3, 4, 1]",1
2,landsat,,,class_added,,,,fixed_capacity_incremental,1002,"[3, 4, 1, 2]",2
5,landsat,,,class_added,,,,fixed_capacity_incremental,1002,"[3, 4, 1, 2, 5]",3
0,landsat,,,class_added,,,,fixed_capacity_incremental,1002,"[3, 4, 1, 2, 5, 0]",4
,landsat,,15,consolidation_completed,,,,fixed_capacity_incremental,1002,"[3, 4, 1, 2, 5, 0]",
,landsat,13,,hidden_unit_added,13,1,0,adaptive_capacity_incremental,1002,,0
1,landsat,,,class_added,,,,adaptive_capacity_incremental,1002,"[3, 4, 1]",1
,landsat,39,,hidden_unit_added,66,2,1,adaptive_capacity_incremental,1002,,1
2,landsat,,,class_added,,,,adaptive_capacity_incremental,1002,"[3, 4, 1, 2]",2
,landsat,22,,hidden_unit_added,107,3,2,adaptive_capacity_incremental,1002,,2
,landsat,40,,hidden_unit_added,125,4,3,adaptive_capacity_incremental,1002,,2
,landsat,52,,hidden_unit_added,137,5,4,adaptive_capacity_incremental,1002,,2
5,landsat,,,class_added,,,,adaptive_capacity_incremental,1002,"[3, 4, 1, 2, 5]",3
,landsat,33,,hidden_unit_added,178,6,5,adaptive_capacity_incremental,1002,,3
,landsat,47,,hidden_unit_added,192,7,6,adaptive_capacity_incremental,1002,,3
0,landsat,,,class_added,,,,adaptive_capacity_incremental,1002,"[3, 4, 1, 2, 5, 0]",4
,landsat,14,,hidden_unit_added,219,8,7,adaptive_capacity_incremental,1002,,4
,landsat,28,,hidden_unit_added,233,9,8,adaptive_capacity_incremental,1002,,4
,landsat,43,,hidden_unit_added,248,10,9,adaptive_capacity_incremental,1002,,4
,landsat,56,,hidden_unit_added,261,11,10,adaptive_capacity_incremental,1002,,4
,landsat,,15,consolidation_completed,,,,adaptive_capacity_incremental,1002,"[3, 4, 1, 2, 5, 0]",
1,landsat,,,class_added,,,,fixed_capacity_incremental,1003,"[3, 4, 1]",1
2,landsat,,,class_added,,,,fixed_capacity_incremental,1003,"[3, 4, 1, 2]",2
5,landsat,,,class_added,,,,fixed_capacity_incremental,1003,"[3, 4, 1, 2, 5]",3
0,landsat,,,class_added,,,,fixed_capacity_incremental,1003,"[3, 4, 1, 2, 5, 0]",4
,landsat,,15,consolidation_completed,,,,fixed_capacity_incremental,1003,"[3, 4, 1, 2, 5, 0]",
,landsat,19,,hidden_unit_added,19,1,0,adaptive_capacity_incremental,1003,,0
1,landsat,,,class_added,,,,adaptive_capacity_incremental,1003,"[3, 4, 1]",1
2,landsat,,,class_added,,,,adaptive_capacity_incremental,1003,"[3, 4, 1, 2]",2
,landsat,10,,hidden_unit_added,95,2,1,adaptive_capacity_incremental,1003,,2
,landsat,35,,hidden_unit_added,120,3,2,adaptive_capacity_incremental,1003,,2
,landsat,47,,hidden_unit_added,132,4,3,adaptive_capacity_incremental,1003,,2
,landsat,59,,hidden_unit_added,144,5,4,adaptive_capacity_incremental,1003,,2
5,landsat,,,class_added,,,,adaptive_capacity_incremental,1003,"[3, 4, 1, 2, 5]",3
,landsat,21,,hidden_unit_added,166,6,5,adaptive_capacity_incremental,1003,,3
,landsat,32,,hidden_unit_added,177,7,6,adaptive_capacity_incremental,1003,,3
0,landsat,,,class_added,,,,adaptive_capacity_incremental,1003,"[3, 4, 1, 2, 5, 0]",4
,landsat,23,,hidden_unit_added,228,8,7,adaptive_capacity_incremental,1003,,4
,landsat,39,,hidden_unit_added,244,9,8,adaptive_capacity_incremental,1003,,4
,landsat,48,,hidden_unit_added,253,10,9,adaptive_capacity_incremental,1003,,4
,landsat,,15,consolidation_completed,,,,adaptive_capacity_incremental,1003,"[3, 4, 1, 2, 5, 0]",
1,landsat,,,class_added,,,,fixed_capacity_incremental,1004,"[3, 4, 1]",1
2,landsat,,,class_added,,,,fixed_capacity_incremental,1004,"[3, 4, 1, 2]",2
5,landsat,,,class_added,,,,fixed_capacity_incremental,1004,"[3, 4, 1, 2, 5]",3
0,landsat,,,class_added,,,,fixed_capacity_incremental,1004,"[3, 4, 1, 2, 5, 0]",4
,landsat,,15,consolidation_completed,,,,fixed_capacity_incremental,1004,"[3, 4, 1, 2, 5, 0]",
,landsat,19,,hidden_unit_added,19,1,0,adaptive_capacity_incremental,1004,,0
1,landsat,,,class_added,,,,adaptive_capacity_incremental,1004,"[3, 4, 1]",1
,landsat,23,,hidden_unit_added,67,2,1,adaptive_capacity_incremental,1004,,1
2,landsat,,,class_added,,,,adaptive_capacity_incremental,1004,"[3, 4, 1, 2]",2
,landsat,18,,hidden_unit_added,105,3,2,adaptive_capacity_incremental,1004,,2
,landsat,42,,hidden_unit_added,129,4,3,adaptive_capacity_incremental,1004,,2
5,landsat,,,class_added,,,,adaptive_capacity_incremental,1004,"[3, 4, 1, 2, 5]",3
,landsat,28,,hidden_unit_added,175,5,4,adaptive_capacity_incremental,1004,,3
,landsat,38,,hidden_unit_added,185,6,5,adaptive_capacity_incremental,1004,,3
,landsat,52,,hidden_unit_added,199,7,6,adaptive_capacity_incremental,1004,,3
0,landsat,,,class_added,,,,adaptive_capacity_incremental,1004,"[3, 4, 1, 2, 5, 0]",4
,landsat,28,,hidden_unit_added,235,8,7,adaptive_capacity_incremental,1004,,4
,landsat,45,,hidden_unit_added,252,9,8,adaptive_capacity_incremental,1004,,4
,landsat,57,,hidden_unit_added,264,10,9,adaptive_capacity_incremental,1004,,4
,landsat,,15,consolidation_completed,,,,adaptive_capacity_incremental,1004,"[3, 4, 1, 2, 5, 0]",
1,landsat,,,class_added,,,,fixed_capacity_incremental,1005,"[3, 4, 1]",1
2,landsat,,,class_added,,,,fixed_capacity_incremental,1005,"[3, 4, 1, 2]",2
5,landsat,,,class_added,,,,fixed_capacity_incremental,1005,"[3, 4, 1, 2, 5]",3
0,landsat,,,class_added,,,,fixed_capacity_incremental,1005,"[3, 4, 1, 2, 5, 0]",4
,landsat,,15,consolidation_completed,,,,fixed_capacity_incremental,1005,"[3, 4, 1, 2, 5, 0]",
,landsat,31,,hidden_unit_added,31,1,0,adaptive_capacity_incremental,1005,,0
1,landsat,,,class_added,,,,adaptive_capacity_incremental,1005,"[3, 4, 1]",1
,landsat,44,,hidden_unit_added,103,2,1,adaptive_capacity_incremental,1005,,1
2,landsat,,,class_added,,,,adaptive_capacity_incremental,1005,"[3, 4, 1, 2]",2
,landsat,28,,hidden_unit_added,147,3,2,adaptive_capacity_incremental,1005,,2
,landsat,38,,hidden_unit_added,157,4,3,adaptive_capacity_incremental,1005,,2
5,landsat,,,class_added,,,,adaptive_capacity_incremental,1005,"[3, 4, 1, 2, 5]",3
,landsat,21,,hidden_unit_added,200,5,4,adaptive_capacity_incremental,1005,,3
,landsat,51,,hidden_unit_added,230,6,5,adaptive_capacity_incremental,1005,,3
0,landsat,,,class_added,,,,adaptive_capacity_incremental,1005,"[3, 4, 1, 2, 5, 0]",4
,landsat,46,,hidden_unit_added,285,7,6,adaptive_capacity_incremental,1005,,4
,landsat,,15,consolidation_completed,,,,adaptive_capacity_incremental,1005,"[3, 4, 1, 2, 5, 0]",
1,landsat,,,class_added,,,,fixed_capacity_incremental,1006,"[3, 4, 1]",1
2,landsat,,,class_added,,,,fixed_capacity_incremental,1006,"[3, 4, 1, 2]",2
5,landsat,,,class_added,,,,fixed_capacity_incremental,1006,"[3, 4, 1, 2, 5]",3
0,landsat,,,class_added,,,,fixed_capacity_incremental,1006,"[3, 4, 1, 2, 5, 0]",4
,landsat,,15,consolidation_completed,,,,fixed_capacity_incremental,1006,"[3, 4, 1, 2, 5, 0]",
,landsat,11,,hidden_unit_added,11,1,0,adaptive_capacity_incremental,1006,,0
1,landsat,,,class_added,,,,adaptive_capacity_incremental,1006,"[3, 4, 1]",1
2,landsat,,,class_added,,,,adaptive_capacity_incremental,1006,"[3, 4, 1, 2]",2
,landsat,27,,hidden_unit_added,110,2,1,adaptive_capacity_incremental,1006,,2
,landsat,37,,hidden_unit_added,120,3,2,adaptive_capacity_incremental,1006,,2
,landsat,52,,hidden_unit_added,135,4,3,adaptive_capacity_incremental,1006,,2
5,landsat,,,class_added,,,,adaptive_capacity_incremental,1006,"[3, 4, 1, 2, 5]",3
,landsat,14,,hidden_unit_added,157,5,4,adaptive_capacity_incremental,1006,,3
,landsat,29,,hidden_unit_added,172,6,5,adaptive_capacity_incremental,1006,,3
0,landsat,,,class_added,,,,adaptive_capacity_incremental,1006,"[3, 4, 1, 2, 5, 0]",4
,landsat,12,,hidden_unit_added,203,7,6,adaptive_capacity_incremental,1006,,4
,landsat,22,,hidden_unit_added,213,8,7,adaptive_capacity_incremental,1006,,4
,landsat,53,,hidden_unit_added,244,9,8,adaptive_capacity_incremental,1006,,4
,landsat,,15,consolidation_completed,,,,adaptive_capacity_incremental,1006,"[3, 4, 1, 2, 5, 0]",
1,landsat,,,class_added,,,,fixed_capacity_incremental,1007,"[3, 4, 1]",1
2,landsat,,,class_added,,,,fixed_capacity_incremental,1007,"[3, 4, 1, 2]",2
5,landsat,,,class_added,,,,fixed_capacity_incremental,1007,"[3, 4, 1, 2, 5]",3
0,landsat,,,class_added,,,,fixed_capacity_incremental,1007,"[3, 4, 1, 2, 5, 0]",4
,landsat,,15,consolidation_completed,,,,fixed_capacity_incremental,1007,"[3, 4, 1, 2, 5, 0]",
,landsat,11,,hidden_unit_added,11,1,0,adaptive_capacity_incremental,1007,,0
1,landsat,,,class_added,,,,adaptive_capacity_incremental,1007,"[3, 4, 1]",1
,landsat,38,,hidden_unit_added,79,2,1,adaptive_capacity_incremental,1007,,1
2,landsat,,,class_added,,,,adaptive_capacity_incremental,1007,"[3, 4, 1, 2]",2
,landsat,31,,hidden_unit_added,120,3,2,adaptive_capacity_incremental,1007,,2
,landsat,44,,hidden_unit_added,133,4,3,adaptive_capacity_incremental,1007,,2
,landsat,53,,hidden_unit_added,142,5,4,adaptive_capacity_incremental,1007,,2
5,landsat,,,class_added,,,,adaptive_capacity_incremental,1007,"[3, 4, 1, 2, 5]",3
,landsat,13,,hidden_unit_added,162,6,5,adaptive_capacity_incremental,1007,,3
,landsat,24,,hidden_unit_added,173,7,6,adaptive_capacity_incremental,1007,,3
,landsat,49,,hidden_unit_added,198,8,7,adaptive_capacity_incremental,1007,,3
0,landsat,,,class_added,,,,adaptive_capacity_incremental,1007,"[3, 4, 1, 2, 5, 0]",4
,landsat,20,,hidden_unit_added,229,9,8,adaptive_capacity_incremental,1007,,4
,landsat,31,,hidden_unit_added,240,10,9,adaptive_capacity_incremental,1007,,4
,landsat,44,,hidden_unit_added,253,11,10,adaptive_capacity_incremental,1007,,4
,landsat,54,,hidden_unit_added,263,12,11,adaptive_capacity_incremental,1007,,4
,landsat,,15,consolidation_completed,,,,adaptive_capacity_incremental,1007,"[3, 4, 1, 2, 5, 0]",
1,landsat,,,class_added,,,,fixed_capacity_incremental,1008,"[3, 4, 1]",1
2,landsat,,,class_added,,,,fixed_capacity_incremental,1008,"[3, 4, 1, 2]",2
5,landsat,,,class_added,,,,fixed_capacity_incremental,1008,"[3, 4, 1, 2, 5]",3
0,landsat,,,class_added,,,,fixed_capacity_incremental,1008,"[3, 4, 1, 2, 5, 0]",4
,landsat,,15,consolidation_completed,,,,fixed_capacity_incremental,1008,"[3, 4, 1, 2, 5, 0]",
,landsat,12,,hidden_unit_added,12,1,0,adaptive_capacity_incremental,1008,,0
1,landsat,,,class_added,,,,adaptive_capacity_incremental,1008,"[3, 4, 1]",1
,landsat,43,,hidden_unit_added,69,2,1,adaptive_capacity_incremental,1008,,1
2,landsat,,,class_added,,,,adaptive_capacity_incremental,1008,"[3, 4, 1, 2]",2
,landsat,29,,hidden_unit_added,115,3,2,adaptive_capacity_incremental,1008,,2
,landsat,52,,hidden_unit_added,138,4,3,adaptive_capacity_incremental,1008,,2
5,landsat,,,class_added,,,,adaptive_capacity_incremental,1008,"[3, 4, 1, 2, 5]",3
,landsat,22,,hidden_unit_added,168,5,4,adaptive_capacity_incremental,1008,,3
,landsat,33,,hidden_unit_added,179,6,5,adaptive_capacity_incremental,1008,,3
,landsat,44,,hidden_unit_added,190,7,6,adaptive_capacity_incremental,1008,,3
0,landsat,,,class_added,,,,adaptive_capacity_incremental,1008,"[3, 4, 1, 2, 5, 0]",4
,landsat,12,,hidden_unit_added,218,8,7,adaptive_capacity_incremental,1008,,4
,landsat,21,,hidden_unit_added,227,9,8,adaptive_capacity_incremental,1008,,4
,landsat,33,,hidden_unit_added,239,10,9,adaptive_capacity_incremental,1008,,4
,landsat,43,,hidden_unit_added,249,11,10,adaptive_capacity_incremental,1008,,4
,landsat,,15,consolidation_completed,,,,adaptive_capacity_incremental,1008,"[3, 4, 1, 2, 5, 0]",
1,landsat,,,class_added,,,,fixed_capacity_incremental,1009,"[3, 4, 1]",1
2,landsat,,,class_added,,,,fixed_capacity_incremental,1009,"[3, 4, 1, 2]",2
5,landsat,,,class_added,,,,fixed_capacity_incremental,1009,"[3, 4, 1, 2, 5]",3
0,landsat,,,class_added,,,,fixed_capacity_incremental,1009,"[3, 4, 1, 2, 5, 0]",4
,landsat,,15,consolidation_completed,,,,fixed_capacity_incremental,1009,"[3, 4, 1, 2, 5, 0]",
,landsat,13,,hidden_unit_added,13,1,0,adaptive_capacity_incremental,1009,,0
1,landsat,,,class_added,,,,adaptive_capacity_incremental,1009,"[3, 4, 1]",1
,landsat,23,,hidden_unit_added,47,2,1,adaptive_capacity_incremental,1009,,1
2,landsat,,,class_added,,,,adaptive_capacity_incremental,1009,"[3, 4, 1, 2]",2
,landsat,9,,hidden_unit_added,73,3,2,adaptive_capacity_incremental,1009,,2
,landsat,25,,hidden_unit_added,89,4,3,adaptive_capacity_incremental,1009,,2
,landsat,50,,hidden_unit_added,114,5,4,adaptive_capacity_incremental,1009,,2
5,landsat,,,class_added,,,,adaptive_capacity_incremental,1009,"[3, 4, 1, 2, 5]",3
,landsat,26,,hidden_unit_added,150,6,5,adaptive_capacity_incremental,1009,,3
,landsat,37,,hidden_unit_added,161,7,6,adaptive_capacity_incremental,1009,,3
,landsat,54,,hidden_unit_added,178,8,7,adaptive_capacity_incremental,1009,,3
0,landsat,,,class_added,,,,adaptive_capacity_incremental,1009,"[3, 4, 1, 2, 5, 0]",4
,landsat,24,,hidden_unit_added,208,9,8,adaptive_capacity_incremental,1009,,4
,landsat,34,,hidden_unit_added,218,10,9,adaptive_capacity_incremental,1009,,4
,landsat,49,,hidden_unit_added,233,11,10,adaptive_capacity_incremental,1009,,4
,landsat,,15,consolidation_completed,,,,adaptive_capacity_incremental,1009,"[3, 4, 1, 2, 5, 0]",
1,landsat,,,class_added,,,,fixed_capacity_incremental,1010,"[3, 4, 1]",1
2,landsat,,,class_added,,,,fixed_capacity_incremental,1010,"[3, 4, 1, 2]",2
5,landsat,,,class_added,,,,fixed_capacity_incremental,1010,"[3, 4, 1, 2, 5]",3
0,landsat,,,class_added,,,,fixed_capacity_incremental,1010,"[3, 4, 1, 2, 5, 0]",4
,landsat,,15,consolidation_completed,,,,fixed_capacity_incremental,1010,"[3, 4, 1, 2, 5, 0]",
,landsat,20,,hidden_unit_added,20,1,0,adaptive_capacity_incremental,1010,,0
1,landsat,,,class_added,,,,adaptive_capacity_incremental,1010,"[3, 4, 1]",1
,landsat,31,,hidden_unit_added,72,2,1,adaptive_capacity_incremental,1010,,1
2,landsat,,,class_added,,,,adaptive_capacity_incremental,1010,"[3, 4, 1, 2]",2
,landsat,27,,hidden_unit_added,123,3,2,adaptive_capacity_incremental,1010,,2
,landsat,42,,hidden_unit_added,138,4,3,adaptive_capacity_incremental,1010,,2
,landsat,54,,hidden_unit_added,150,5,4,adaptive_capacity_incremental,1010,,2
5,landsat,,,class_added,,,,adaptive_capacity_incremental,1010,"[3, 4, 1, 2, 5]",3
,landsat,14,,hidden_unit_added,170,6,5,adaptive_capacity_incremental,1010,,3
,landsat,26,,hidden_unit_added,182,7,6,adaptive_capacity_incremental,1010,,3
,landsat,46,,hidden_unit_added,202,8,7,adaptive_capacity_incremental,1010,,3
0,landsat,,,class_added,,,,adaptive_capacity_incremental,1010,"[3, 4, 1, 2, 5, 0]",4
,landsat,34,,hidden_unit_added,250,9,8,adaptive_capacity_incremental,1010,,4
,landsat,46,,hidden_unit_added,262,10,9,adaptive_capacity_incremental,1010,,4
,landsat,58,,hidden_unit_added,274,11,10,adaptive_capacity_incremental,1010,,4
,landsat,,15,consolidation_completed,,,,adaptive_capacity_incremental,1010,"[3, 4, 1, 2, 5, 0]",
7,optdigits,,,class_added,,,,fixed_capacity_incremental,1001,"[9, 8, 7]",1
6,optdigits,,,class_added,,,,fixed_capacity_incremental,1001,"[9, 8, 7, 6]",2
5,optdigits,,,class_added,,,,fixed_capacity_incremental,1001,"[9, 8, 7, 6, 5]",3
4,optdigits,,,class_added,,,,fixed_capacity_incremental,1001,"[9, 8, 7, 6, 5, 4]",4
3,optdigits,,,class_added,,,,fixed_capacity_incremental,1001,"[9, 8, 7, 6, 5, 4, 3]",5
2,optdigits,,,class_added,,,,fixed_capacity_incremental,1001,"[9, 8, 7, 6, 5, 4, 3, 2]",6
1,optdigits,,,class_added,,,,fixed_capacity_incremental,1001,"[9, 8, 7, 6, 5, 4, 3, 2, 1]",7
0,optdigits,,,class_added,,,,fixed_capacity_incremental,1001,"[9, 8, 7, 6, 5, 4, 3, 2, 1, 0]",8
,optdigits,,15,consolidation_completed,,,,fixed_capacity_incremental,1001,"[9, 8, 7, 6, 5, 4, 3, 2, 1, 0]",
7,optdigits,,,class_added,,,,adaptive_capacity_incremental,1001,"[9, 8, 7]",1
6,optdigits,,,class_added,,,,adaptive_capacity_incremental,1001,"[9, 8, 7, 6]",2
5,optdigits,,,class_added,,,,adaptive_capacity_incremental,1001,"[9, 8, 7, 6, 5]",3
4,optdigits,,,class_added,,,,adaptive_capacity_incremental,1001,"[9, 8, 7, 6, 5, 4]",4
3,optdigits,,,class_added,,,,adaptive_capacity_incremental,1001,"[9, 8, 7, 6, 5, 4, 3]",5
2,optdigits,,,class_added,,,,adaptive_capacity_incremental,1001,"[9, 8, 7, 6, 5, 4, 3, 2]",6
1,optdigits,,,class_added,,,,adaptive_capacity_incremental,1001,"[9, 8, 7, 6, 5, 4, 3, 2, 1]",7
0,optdigits,,,class_added,,,,adaptive_capacity_incremental,1001,"[9, 8, 7, 6, 5, 4, 3, 2, 1, 0]",8
,optdigits,,15,consolidation_completed,,,,adaptive_capacity_incremental,1001,"[9, 8, 7, 6, 5, 4, 3, 2, 1, 0]",
7,optdigits,,,class_added,,,,fixed_capacity_incremental,1002,"[9, 8, 7]",1
6,optdigits,,,class_added,,,,fixed_capacity_incremental,1002,"[9, 8, 7, 6]",2
5,optdigits,,,class_added,,,,fixed_capacity_incremental,1002,"[9, 8, 7, 6, 5]",3
4,optdigits,,,class_added,,,,fixed_capacity_incremental,1002,"[9, 8, 7, 6, 5, 4]",4
3,optdigits,,,class_added,,,,fixed_capacity_incremental,1002,"[9, 8, 7, 6, 5, 4, 3]",5
2,optdigits,,,class_added,,,,fixed_capacity_incremental,1002,"[9, 8, 7, 6, 5, 4, 3, 2]",6
1,optdigits,,,class_added,,,,fixed_capacity_incremental,1002,"[9, 8, 7, 6, 5, 4, 3, 2, 1]",7
0,optdigits,,,class_added,,,,fixed_capacity_incremental,1002,"[9, 8, 7, 6, 5, 4, 3, 2, 1, 0]",8
,optdigits,,15,consolidation_completed,,,,fixed_capacity_incremental,1002,"[9, 8, 7, 6, 5, 4, 3, 2, 1, 0]",
7,optdigits,,,class_added,,,,adaptive_capacity_incremental,1002,"[9, 8, 7]",1
,optdigits,11,,hidden_unit_added,30,1,0,adaptive_capacity_incremental,1002,,1
6,optdigits,,,class_added,,,,adaptive_capacity_incremental,1002,"[9, 8, 7, 6]",2
5,optdigits,,,class_added,,,,adaptive_capacity_incremental,1002,"[9, 8, 7, 6, 5]",3
4,optdigits,,,class_added,,,,adaptive_capacity_incremental,1002,"[9, 8, 7, 6, 5, 4]",4
3,optdigits,,,class_added,,,,adaptive_capacity_incremental,1002,"[9, 8, 7, 6, 5, 4, 3]",5
2,optdigits,,,class_added,,,,adaptive_capacity_incremental,1002,"[9, 8, 7, 6, 5, 4, 3, 2]",6
1,optdigits,,,class_added,,,,adaptive_capacity_incremental,1002,"[9, 8, 7, 6, 5, 4, 3, 2, 1]",7
0,optdigits,,,class_added,,,,adaptive_capacity_incremental,1002,"[9, 8, 7, 6, 5, 4, 3, 2, 1, 0]",8
,optdigits,,15,consolidation_completed,,,,adaptive_capacity_incremental,1002,"[9, 8, 7, 6, 5, 4, 3, 2, 1, 0]",
7,optdigits,,,class_added,,,,fixed_capacity_incremental,1003,"[9, 8, 7]",1
6,optdigits,,,class_added,,,,fixed_capacity_incremental,1003,"[9, 8, 7, 6]",2
5,optdigits,,,class_added,,,,fixed_capacity_incremental,1003,"[9, 8, 7, 6, 5]",3
4,optdigits,,,class_added,,,,fixed_capacity_incremental,1003,"[9, 8, 7, 6, 5, 4]",4
3,optdigits,,,class_added,,,,fixed_capacity_incremental,1003,"[9, 8, 7, 6, 5, 4, 3]",5
2,optdigits,,,class_added,,,,fixed_capacity_incremental,1003,"[9, 8, 7, 6, 5, 4, 3, 2]",6
1,optdigits,,,class_added,,,,fixed_capacity_incremental,1003,"[9, 8, 7, 6, 5, 4, 3, 2, 1]",7
0,optdigits,,,class_added,,,,fixed_capacity_incremental,1003,"[9, 8, 7, 6, 5, 4, 3, 2, 1, 0]",8
,optdigits,,15,consolidation_completed,,,,fixed_capacity_incremental,1003,"[9, 8, 7, 6, 5, 4, 3, 2, 1, 0]",
7,optdigits,,,class_added,,,,adaptive_capacity_incremental,1003,"[9, 8, 7]",1
6,optdigits,,,class_added,,,,adaptive_capacity_incremental,1003,"[9, 8, 7, 6]",2
5,optdigits,,,class_added,,,,adaptive_capacity_incremental,1003,"[9, 8, 7, 6, 5]",3
4,optdigits,,,class_added,,,,adaptive_capacity_incremental,1003,"[9, 8, 7, 6, 5, 4]",4
3,optdigits,,,class_added,,,,adaptive_capacity_incremental,1003,"[9, 8, 7, 6, 5, 4, 3]",5
2,optdigits,,,class_added,,,,adaptive_capacity_incremental,1003,"[9, 8, 7, 6, 5, 4, 3, 2]",6
1,optdigits,,,class_added,,,,adaptive_capacity_incremental,1003,"[9, 8, 7, 6, 5, 4, 3, 2, 1]",7
0,optdigits,,,class_added,,,,adaptive_capacity_incremental,1003,"[9, 8, 7, 6, 5, 4, 3, 2, 1, 0]",8
,optdigits,,15,consolidation_completed,,,,adaptive_capacity_incremental,1003,"[9, 8, 7, 6, 5, 4, 3, 2, 1, 0]",
7,optdigits,,,class_added,,,,fixed_capacity_incremental,1004,"[9, 8, 7]",1
6,optdigits,,,class_added,,,,fixed_capacity_incremental,1004,"[9, 8, 7, 6]",2
5,optdigits,,,class_added,,,,fixed_capacity_incremental,1004,"[9, 8, 7, 6, 5]",3
4,optdigits,,,class_added,,,,fixed_capacity_incremental,1004,"[9, 8, 7, 6, 5, 4]",4
3,optdigits,,,class_added,,,,fixed_capacity_incremental,1004,"[9, 8, 7, 6, 5, 4, 3]",5
2,optdigits,,,class_added,,,,fixed_capacity_incremental,1004,"[9, 8, 7, 6, 5, 4, 3, 2]",6
1,optdigits,,,class_added,,,,fixed_capacity_incremental,1004,"[9, 8, 7, 6, 5, 4, 3, 2, 1]",7
0,optdigits,,,class_added,,,,fixed_capacity_incremental,1004,"[9, 8, 7, 6, 5, 4, 3, 2, 1, 0]",8
,optdigits,,15,consolidation_completed,,,,fixed_capacity_incremental,1004,"[9, 8, 7, 6, 5, 4, 3, 2, 1, 0]",
7,optdigits,,,class_added,,,,adaptive_capacity_incremental,1004,"[9, 8, 7]",1
,optdigits,12,,hidden_unit_added,34,1,0,adaptive_capacity_incremental,1004,,1
6,optdigits,,,class_added,,,,adaptive_capacity_incremental,1004,"[9, 8, 7, 6]",2
5,optdigits,,,class_added,,,,adaptive_capacity_incremental,1004,"[9, 8, 7, 6, 5]",3
4,optdigits,,,class_added,,,,adaptive_capacity_incremental,1004,"[9, 8, 7, 6, 5, 4]",4
3,optdigits,,,class_added,,,,adaptive_capacity_incremental,1004,"[9, 8, 7, 6, 5, 4, 3]",5
2,optdigits,,,class_added,,,,adaptive_capacity_incremental,1004,"[9, 8, 7, 6, 5, 4, 3, 2]",6
1,optdigits,,,class_added,,,,adaptive_capacity_incremental,1004,"[9, 8, 7, 6, 5, 4, 3, 2, 1]",7
0,optdigits,,,class_added,,,,adaptive_capacity_incremental,1004,"[9, 8, 7, 6, 5, 4, 3, 2, 1, 0]",8
,optdigits,,15,consolidation_completed,,,,adaptive_capacity_incremental,1004,"[9, 8, 7, 6, 5, 4, 3, 2, 1, 0]",
7,optdigits,,,class_added,,,,fixed_capacity_incremental,1005,"[9, 8, 7]",1
6,optdigits,,,class_added,,,,fixed_capacity_incremental,1005,"[9, 8, 7, 6]",2
5,optdigits,,,class_added,,,,fixed_capacity_incremental,1005,"[9, 8, 7, 6, 5]",3
4,optdigits,,,class_added,,,,fixed_capacity_incremental,1005,"[9, 8, 7, 6, 5, 4]",4
3,optdigits,,,class_added,,,,fixed_capacity_incremental,1005,"[9, 8, 7, 6, 5, 4, 3]",5
2,optdigits,,,class_added,,,,fixed_capacity_incremental,1005,"[9, 8, 7, 6, 5, 4, 3, 2]",6
1,optdigits,,,class_added,,,,fixed_capacity_incremental,1005,"[9, 8, 7, 6, 5, 4, 3, 2, 1]",7
0,optdigits,,,class_added,,,,fixed_capacity_incremental,1005,"[9, 8, 7, 6, 5, 4, 3, 2, 1, 0]",8
,optdigits,,15,consolidation_completed,,,,fixed_capacity_incremental,1005,"[9, 8, 7, 6, 5, 4, 3, 2, 1, 0]",
7,optdigits,,,class_added,,,,adaptive_capacity_incremental,1005,"[9, 8, 7]",1
6,optdigits,,,class_added,,,,adaptive_capacity_incremental,1005,"[9, 8, 7, 6]",2
5,optdigits,,,class_added,,,,adaptive_capacity_incremental,1005,"[9, 8, 7, 6, 5]",3
4,optdigits,,,class_added,,,,adaptive_capacity_incremental,1005,"[9, 8, 7, 6, 5, 4]",4
3,optdigits,,,class_added,,,,adaptive_capacity_incremental,1005,"[9, 8, 7, 6, 5, 4, 3]",5
2,optdigits,,,class_added,,,,adaptive_capacity_incremental,1005,"[9, 8, 7, 6, 5, 4, 3, 2]",6
1,optdigits,,,class_added,,,,adaptive_capacity_incremental,1005,"[9, 8, 7, 6, 5, 4, 3, 2, 1]",7
0,optdigits,,,class_added,,,,adaptive_capacity_incremental,1005,"[9, 8, 7, 6, 5, 4, 3, 2, 1, 0]",8
,optdigits,,15,consolidation_completed,,,,adaptive_capacity_incremental,1005,"[9, 8, 7, 6, 5, 4, 3, 2, 1, 0]",
7,optdigits,,,class_added,,,,fixed_capacity_incremental,1006,"[9, 8, 7]",1
6,optdigits,,,class_added,,,,fixed_capacity_incremental,1006,"[9, 8, 7, 6]",2
5,optdigits,,,class_added,,,,fixed_capacity_incremental,1006,"[9, 8, 7, 6, 5]",3
4,optdigits,,,class_added,,,,fixed_capacity_incremental,1006,"[9, 8, 7, 6, 5, 4]",4
3,optdigits,,,class_added,,,,fixed_capacity_incremental,1006,"[9, 8, 7, 6, 5, 4, 3]",5
2,optdigits,,,class_added,,,,fixed_capacity_incremental,1006,"[9, 8, 7, 6, 5, 4, 3, 2]",6
1,optdigits,,,class_added,,,,fixed_capacity_incremental,1006,"[9, 8, 7, 6, 5, 4, 3, 2, 1]",7
0,optdigits,,,class_added,,,,fixed_capacity_incremental,1006,"[9, 8, 7, 6, 5, 4, 3, 2, 1, 0]",8
,optdigits,,15,consolidation_completed,,,,fixed_capacity_incremental,1006,"[9, 8, 7, 6, 5, 4, 3, 2, 1, 0]",
7,optdigits,,,class_added,,,,adaptive_capacity_incremental,1006,"[9, 8, 7]",1
6,optdigits,,,class_added,,,,adaptive_capacity_incremental,1006,"[9, 8, 7, 6]",2
5,optdigits,,,class_added,,,,adaptive_capacity_incremental,1006,"[9, 8, 7, 6, 5]",3
4,optdigits,,,class_added,,,,adaptive_capacity_incremental,1006,"[9, 8, 7, 6, 5, 4]",4
3,optdigits,,,class_added,,,,adaptive_capacity_incremental,1006,"[9, 8, 7, 6, 5, 4, 3]",5
2,optdigits,,,class_added,,,,adaptive_capacity_incremental,1006,"[9, 8, 7, 6, 5, 4, 3, 2]",6
1,optdigits,,,class_added,,,,adaptive_capacity_incremental,1006,"[9, 8, 7, 6, 5, 4, 3, 2, 1]",7
0,optdigits,,,class_added,,,,adaptive_capacity_incremental,1006,"[9, 8, 7, 6, 5, 4, 3, 2, 1, 0]",8
,optdigits,,15,consolidation_completed,,,,adaptive_capacity_incremental,1006,"[9, 8, 7, 6, 5, 4, 3, 2, 1, 0]",
7,optdigits,,,class_added,,,,fixed_capacity_incremental,1007,"[9, 8, 7]",1
6,optdigits,,,class_added,,,,fixed_capacity_incremental,1007,"[9, 8, 7, 6]",2
5,optdigits,,,class_added,,,,fixed_capacity_incremental,1007,"[9, 8, 7, 6, 5]",3
4,optdigits,,,class_added,,,,fixed_capacity_incremental,1007,"[9, 8, 7, 6, 5, 4]",4
3,optdigits,,,class_added,,,,fixed_capacity_incremental,1007,"[9, 8, 7, 6, 5, 4, 3]",5
2,optdigits,,,class_added,,,,fixed_capacity_incremental,1007,"[9, 8, 7, 6, 5, 4, 3, 2]",6
1,optdigits,,,class_added,,,,fixed_capacity_incremental,1007,"[9, 8, 7, 6, 5, 4, 3, 2, 1]",7
0,optdigits,,,class_added,,,,fixed_capacity_incremental,1007,"[9, 8, 7, 6, 5, 4, 3, 2, 1, 0]",8
,optdigits,,15,consolidation_completed,,,,fixed_capacity_incremental,1007,"[9, 8, 7, 6, 5, 4, 3, 2, 1, 0]",
7,optdigits,,,class_added,,,,adaptive_capacity_incremental,1007,"[9, 8, 7]",1
,optdigits,12,,hidden_unit_added,34,1,0,adaptive_capacity_incremental,1007,,1
6,optdigits,,,class_added,,,,adaptive_capacity_incremental,1007,"[9, 8, 7, 6]",2
5,optdigits,,,class_added,,,,adaptive_capacity_incremental,1007,"[9, 8, 7, 6, 5]",3
4,optdigits,,,class_added,,,,adaptive_capacity_incremental,1007,"[9, 8, 7, 6, 5, 4]",4
3,optdigits,,,class_added,,,,adaptive_capacity_incremental,1007,"[9, 8, 7, 6, 5, 4, 3]",5
2,optdigits,,,class_added,,,,adaptive_capacity_incremental,1007,"[9, 8, 7, 6, 5, 4, 3, 2]",6
1,optdigits,,,class_added,,,,adaptive_capacity_incremental,1007,"[9, 8, 7, 6, 5, 4, 3, 2, 1]",7
0,optdigits,,,class_added,,,,adaptive_capacity_incremental,1007,"[9, 8, 7, 6, 5, 4, 3, 2, 1, 0]",8
,optdigits,,15,consolidation_completed,,,,adaptive_capacity_incremental,1007,"[9, 8, 7, 6, 5, 4, 3, 2, 1, 0]",
7,optdigits,,,class_added,,,,fixed_capacity_incremental,1008,"[9, 8, 7]",1
6,optdigits,,,class_added,,,,fixed_capacity_incremental,1008,"[9, 8, 7, 6]",2
5,optdigits,,,class_added,,,,fixed_capacity_incremental,1008,"[9, 8, 7, 6, 5]",3
4,optdigits,,,class_added,,,,fixed_capacity_incremental,1008,"[9, 8, 7, 6, 5, 4]",4
3,optdigits,,,class_added,,,,fixed_capacity_incremental,1008,"[9, 8, 7, 6, 5, 4, 3]",5
2,optdigits,,,class_added,,,,fixed_capacity_incremental,1008,"[9, 8, 7, 6, 5, 4, 3, 2]",6
1,optdigits,,,class_added,,,,fixed_capacity_incremental,1008,"[9, 8, 7, 6, 5, 4, 3, 2, 1]",7
0,optdigits,,,class_added,,,,fixed_capacity_incremental,1008,"[9, 8, 7, 6, 5, 4, 3, 2, 1, 0]",8
,optdigits,,15,consolidation_completed,,,,fixed_capacity_incremental,1008,"[9, 8, 7, 6, 5, 4, 3, 2, 1, 0]",
7,optdigits,,,class_added,,,,adaptive_capacity_incremental,1008,"[9, 8, 7]",1
6,optdigits,,,class_added,,,,adaptive_capacity_incremental,1008,"[9, 8, 7, 6]",2
5,optdigits,,,class_added,,,,adaptive_capacity_incremental,1008,"[9, 8, 7, 6, 5]",3
4,optdigits,,,class_added,,,,adaptive_capacity_incremental,1008,"[9, 8, 7, 6, 5, 4]",4
3,optdigits,,,class_added,,,,adaptive_capacity_incremental,1008,"[9, 8, 7, 6, 5, 4, 3]",5
2,optdigits,,,class_added,,,,adaptive_capacity_incremental,1008,"[9, 8, 7, 6, 5, 4, 3, 2]",6
1,optdigits,,,class_added,,,,adaptive_capacity_incremental,1008,"[9, 8, 7, 6, 5, 4, 3, 2, 1]",7
0,optdigits,,,class_added,,,,adaptive_capacity_incremental,1008,"[9, 8, 7, 6, 5, 4, 3, 2, 1, 0]",8
,optdigits,,15,consolidation_completed,,,,adaptive_capacity_incremental,1008,"[9, 8, 7, 6, 5, 4, 3, 2, 1, 0]",
7,optdigits,,,class_added,,,,fixed_capacity_incremental,1009,"[9, 8, 7]",1
6,optdigits,,,class_added,,,,fixed_capacity_incremental,1009,"[9, 8, 7, 6]",2
5,optdigits,,,class_added,,,,fixed_capacity_incremental,1009,"[9, 8, 7, 6, 5]",3
4,optdigits,,,class_added,,,,fixed_capacity_incremental,1009,"[9, 8, 7, 6, 5, 4]",4
3,optdigits,,,class_added,,,,fixed_capacity_incremental,1009,"[9, 8, 7, 6, 5, 4, 3]",5
2,optdigits,,,class_added,,,,fixed_capacity_incremental,1009,"[9, 8, 7, 6, 5, 4, 3, 2]",6
1,optdigits,,,class_added,,,,fixed_capacity_incremental,1009,"[9, 8, 7, 6, 5, 4, 3, 2, 1]",7
0,optdigits,,,class_added,,,,fixed_capacity_incremental,1009,"[9, 8, 7, 6, 5, 4, 3, 2, 1, 0]",8
,optdigits,,15,consolidation_completed,,,,fixed_capacity_incremental,1009,"[9, 8, 7, 6, 5, 4, 3, 2, 1, 0]",
7,optdigits,,,class_added,,,,adaptive_capacity_incremental,1009,"[9, 8, 7]",1
,optdigits,11,,hidden_unit_added,24,1,0,adaptive_capacity_incremental,1009,,1
6,optdigits,,,class_added,,,,adaptive_capacity_incremental,1009,"[9, 8, 7, 6]",2
5,optdigits,,,class_added,,,,adaptive_capacity_incremental,1009,"[9, 8, 7, 6, 5]",3
4,optdigits,,,class_added,,,,adaptive_capacity_incremental,1009,"[9, 8, 7, 6, 5, 4]",4
3,optdigits,,,class_added,,,,adaptive_capacity_incremental,1009,"[9, 8, 7, 6, 5, 4, 3]",5
2,optdigits,,,class_added,,,,adaptive_capacity_incremental,1009,"[9, 8, 7, 6, 5, 4, 3, 2]",6
1,optdigits,,,class_added,,,,adaptive_capacity_incremental,1009,"[9, 8, 7, 6, 5, 4, 3, 2, 1]",7
0,optdigits,,,class_added,,,,adaptive_capacity_incremental,1009,"[9, 8, 7, 6, 5, 4, 3, 2, 1, 0]",8
,optdigits,,15,consolidation_completed,,,,adaptive_capacity_incremental,1009,"[9, 8, 7, 6, 5, 4, 3, 2, 1, 0]",
7,optdigits,,,class_added,,,,fixed_capacity_incremental,1010,"[9, 8, 7]",1
6,optdigits,,,class_added,,,,fixed_capacity_incremental,1010,"[9, 8, 7, 6]",2
5,optdigits,,,class_added,,,,fixed_capacity_incremental,1010,"[9, 8, 7, 6, 5]",3
4,optdigits,,,class_added,,,,fixed_capacity_incremental,1010,"[9, 8, 7, 6, 5, 4]",4
3,optdigits,,,class_added,,,,fixed_capacity_incremental,1010,"[9, 8, 7, 6, 5, 4, 3]",5
2,optdigits,,,class_added,,,,fixed_capacity_incremental,1010,"[9, 8, 7, 6, 5, 4, 3, 2]",6
1,optdigits,,,class_added,,,,fixed_capacity_incremental,1010,"[9, 8, 7, 6, 5, 4, 3, 2, 1]",7
0,optdigits,,,class_added,,,,fixed_capacity_incremental,1010,"[9, 8, 7, 6, 5, 4, 3, 2, 1, 0]",8
,optdigits,,15,consolidation_completed,,,,fixed_capacity_incremental,1010,"[9, 8, 7, 6, 5, 4, 3, 2, 1, 0]",
7,optdigits,,,class_added,,,,adaptive_capacity_incremental,1010,"[9, 8, 7]",1
,optdigits,13,,hidden_unit_added,61,1,0,adaptive_capacity_incremental,1010,,1
6,optdigits,,,class_added,,,,adaptive_capacity_incremental,1010,"[9, 8, 7, 6]",2
5,optdigits,,,class_added,,,,adaptive_capacity_incremental,1010,"[9, 8, 7, 6, 5]",3
4,optdigits,,,class_added,,,,adaptive_capacity_incremental,1010,"[9, 8, 7, 6, 5, 4]",4
3,optdigits,,,class_added,,,,adaptive_capacity_incremental,1010,"[9, 8, 7, 6, 5, 4, 3]",5
2,optdigits,,,class_added,,,,adaptive_capacity_incremental,1010,"[9, 8, 7, 6, 5, 4, 3, 2]",6
1,optdigits,,,class_added,,,,adaptive_capacity_incremental,1010,"[9, 8, 7, 6, 5, 4, 3, 2, 1]",7
0,optdigits,,,class_added,,,,adaptive_capacity_incremental,1010,"[9, 8, 7, 6, 5, 4, 3, 2, 1, 0]",8
,optdigits,,15,consolidation_completed,,,,adaptive_capacity_incremental,1010,"[9, 8, 7, 6, 5, 4, 3, 2, 1, 0]",
