dataset,comparison,n,mean,sd,median,q1,q3,minimum,maximum,ci_low,ci_high,wins,ties,losses,p_raw,p_holm
dry_bean,fixed_minus_baseline,10,0.0002715877881869666,0.0024539157021413725,0.001073766037653634,-0.0021300392856141437,0.0020190804945114382,-0.0028992803604172,0.004083292461603327,-0.0011504281027731001,0.001706202409709116,6,0,4,0.732421875,1.0
dry_bean,adaptive_minus_baseline,10,-0.0007006888593972471,0.0028175709363788917,-0.0006857348727274948,-0.002669267876999726,0.0018702184267709865,-0.005458583959766061,0.0028352781366685065,-0.002336401578872188,0.000923634658759058,3,0,7,0.42578125,1.0
dry_bean,adaptive_minus_fixed,10,-0.0009722766475842137,0.0031636487754309033,0.0007192978950443241,-0.0037461950409236056,0.001284102845159979,-0.005969269749812156,0.002647571301672591,-0.002875978695604444,0.0007868527799133546,6,0,4,,
landsat,fixed_minus_baseline,10,0.007001296295707005,0.010984964573339296,0.006140893940630943,0.0008646741267011038,0.009685788314581056,-0.005446943973292262,0.03217763084108827,0.0011380149084043996,0.01419970134016654,8,0,2,0.052734375,0.263671875
landsat,adaptive_minus_baseline,10,0.004496876306165942,0.010628852201279942,0.003025373183152713,-0.0032521219028430193,0.009325231835700248,-0.005972264559183316,0.02857080607010898,-0.0010484967711946241,0.011510468058290866,6,0,4,0.22265625,0.890625
landsat,adaptive_minus_fixed,10,-0.0025044199895410623,0.006773068523214569,-0.002022614176505011,-0.007818593546019242,0.0008901008375762076,-0.012415550939092301,0.009644065308579086,-0.00642104626847225,0.0014290543791257084,4,0,6,,
optdigits,fixed_minus_baseline,10,-0.0002610941631896346,0.0074041916107313735,0.0007446993541623259,-0.005172465838747642,0.00504134610366197,-0.01306798016437083,0.009276733691028438,-0.00471528748224197,0.0038884664408940957,6,0,4,0.923828125,1.0
optdigits,adaptive_minus_baseline,10,-0.01020593847631851,0.00567107617646126,-0.010526846223822883,-0.013411098667422516,-0.007494762700372498,-0.01940725481713146,-0.00038106939209836543,-0.013454648661623549,-0.006783357814279434,0,0,10,0.001953125,0.01171875
optdigits,adaptive_minus_fixed,10,-0.009944844313128875,0.005503227162683023,-0.010003837882086697,-0.012585948851838058,-0.009538615871708261,-0.019449956610634755,-0.0010039564908191911,-0.01313508140414783,-0.006697298296596943,0,0,10,,
