class_name,dataset,f1,label,majority,method,minority,precision,recall,seed,support,train_count
BARBUNYA,dry_bean,0.9302325581395349,0,False,all_class_baseline,True,0.9561752988047809,0.9056603773584906,1001,265,793
BOMBAY,dry_bean,1.0,1,False,all_class_baseline,True,1.0,1.0,1001,104,313
CALI,dry_bean,0.9367469879518072,2,False,all_class_baseline,True,0.9201183431952663,0.9539877300613497,1001,326,978
DERMASON,dry_bean,0.9240506329113924,3,True,all_class_baseline,False,0.9214586255259467,0.926657263751763,1001,709,2127
HOROZ,dry_bean,0.9421052631578948,4,False,all_class_baseline,False,0.9226804123711341,0.9623655913978495,1001,372,1116
SEKER,dry_bean,0.9386281588447654,5,True,all_class_baseline,False,0.9176470588235294,0.9605911330049262,1001,406,1216
SIRA,dry_bean,0.8672566371681416,6,True,all_class_baseline,False,0.9,0.8368121442125237,1001,527,1582
BARBUNYA,dry_bean,0.9340866290018832,0,False,fixed_capacity_incremental,True,0.9323308270676691,0.9358490566037736,1001,265,793
BOMBAY,dry_bean,1.0,1,False,fixed_capacity_incremental,True,1.0,1.0,1001,104,313
CALI,dry_bean,0.9384615384615385,2,False,fixed_capacity_incremental,True,0.941358024691358,0.9355828220858896,1001,326,978
DERMASON,dry_bean,0.9177126917712691,3,True,fixed_capacity_incremental,False,0.9075862068965517,0.9280677009873061,1001,709,2127
HOROZ,dry_bean,0.9463806970509383,4,False,fixed_capacity_incremental,False,0.9438502673796791,0.9489247311827957,1001,372,1116
SEKER,dry_bean,0.943577430972389,5,True,fixed_capacity_incremental,False,0.9203747072599532,0.9679802955665024,1001,406,1216
SIRA,dry_bean,0.8700787401574803,6,True,fixed_capacity_incremental,False,0.9038854805725971,0.8387096774193549,1001,527,1582
BARBUNYA,dry_bean,0.9310344827586207,0,False,adaptive_capacity_incremental,True,0.9455252918287937,0.9169811320754717,1001,265,793
BOMBAY,dry_bean,1.0,1,False,adaptive_capacity_incremental,True,1.0,1.0,1001,104,313
CALI,dry_bean,0.9375951293759512,2,False,adaptive_capacity_incremental,True,0.9305135951661632,0.9447852760736196,1001,326,978
DERMASON,dry_bean,0.9240506329113924,3,True,adaptive_capacity_incremental,False,0.9214586255259467,0.926657263751763,1001,709,2127
HOROZ,dry_bean,0.9414893617021277,4,False,adaptive_capacity_incremental,False,0.9315789473684211,0.9516129032258065,1001,372,1116
SEKER,dry_bean,0.9498164014687882,5,True,adaptive_capacity_incremental,False,0.9440389294403893,0.9556650246305419,1001,406,1216
SIRA,dry_bean,0.8730769230769231,6,True,adaptive_capacity_incremental,False,0.884990253411306,0.8614800759013282,1001,527,1582
BARBUNYA,dry_bean,0.9447619047619048,0,False,all_class_baseline,True,0.9538461538461539,0.9358490566037736,1002,265,793
BOMBAY,dry_bean,1.0,1,False,all_class_baseline,True,1.0,1.0,1002,104,313
CALI,dry_bean,0.9431643625192012,2,False,all_class_baseline,True,0.9446153846153846,0.941717791411043,1002,326,978
DERMASON,dry_bean,0.9261838440111421,3,True,all_class_baseline,False,0.9147180192572214,0.9379407616361072,1002,709,2127
HOROZ,dry_bean,0.9448183041722745,4,False,all_class_baseline,False,0.9460916442048517,0.9435483870967742,1002,372,1116
SEKER,dry_bean,0.9386281588447654,5,True,all_class_baseline,False,0.9176470588235294,0.9605911330049262,1002,406,1216
SIRA,dry_bean,0.876953125,6,True,all_class_baseline,False,0.903420523138833,0.8519924098671727,1002,527,1582
BARBUNYA,dry_bean,0.9411764705882353,0,False,fixed_capacity_incremental,True,0.9465648854961832,0.9358490566037736,1002,265,793
BOMBAY,dry_bean,1.0,1,False,fixed_capacity_incremental,True,1.0,1.0,1002,104,313
CALI,dry_bean,0.944954128440367,2,False,fixed_capacity_incremental,True,0.9420731707317073,0.9478527607361963,1002,326,978
DERMASON,dry_bean,0.9220963172804533,3,True,fixed_capacity_incremental,False,0.9260312944523471,0.918194640338505,1002,709,2127
HOROZ,dry_bean,0.952638700947226,4,False,fixed_capacity_incremental,False,0.9591280653950953,0.946236559139785,1002,372,1116
SEKER,dry_bean,0.947242206235012,5,True,fixed_capacity_incremental,False,0.9228971962616822,0.9729064039408867,1002,406,1216
SIRA,dry_bean,0.8793103448275862,6,True,fixed_capacity_incremental,False,0.8878143133462283,0.8709677419354839,1002,527,1582
BARBUNYA,dry_bean,0.9369024856596558,0,False,adaptive_capacity_incremental,True,0.9496124031007752,0.9245283018867925,1002,265,793
BOMBAY,dry_bean,1.0,1,False,adaptive_capacity_incremental,True,1.0,1.0,1002,104,313
CALI,dry_bean,0.9359756097560976,2,False,adaptive_capacity_incremental,True,0.9303030303030303,0.941717791411043,1002,326,978
DERMASON,dry_bean,0.9243697478991597,3,True,adaptive_capacity_incremental,False,0.9179415855354659,0.9308885754583921,1002,709,2127
HOROZ,dry_bean,0.9413333333333334,4,False,adaptive_capacity_incremental,False,0.9338624338624338,0.9489247311827957,1002,372,1116
SEKER,dry_bean,0.9400479616306955,5,True,adaptive_capacity_incremental,False,0.9158878504672897,0.9655172413793104,1002,406,1216
SIRA,dry_bean,0.8753680078508341,6,True,adaptive_capacity_incremental,False,0.9065040650406504,0.8462998102466793,1002,527,1582
BARBUNYA,dry_bean,0.9411764705882353,0,False,all_class_baseline,True,0.9465648854961832,0.9358490566037736,1003,265,793
BOMBAY,dry_bean,1.0,1,False,all_class_baseline,True,1.0,1.0,1003,104,313
CALI,dry_bean,0.9395348837209302,2,False,all_class_baseline,True,0.9498432601880877,0.9294478527607362,1003,326,978
DERMASON,dry_bean,0.9182389937106918,3,True,all_class_baseline,False,0.909972299168975,0.926657263751763,1003,709,2127
HOROZ,dry_bean,0.9435483870967742,4,False,all_class_baseline,False,0.9435483870967742,0.9435483870967742,1003,372,1116
SEKER,dry_bean,0.9411764705882353,5,True,all_class_baseline,False,0.9180327868852459,0.9655172413793104,1003,406,1216
SIRA,dry_bean,0.8660194174757282,6,True,all_class_baseline,False,0.8866799204771372,0.8462998102466793,1003,527,1582
BARBUNYA,dry_bean,0.940952380952381,0,False,fixed_capacity_incremental,True,0.95,0.9320754716981132,1003,265,793
BOMBAY,dry_bean,1.0,1,False,fixed_capacity_incremental,True,1.0,1.0,1003,104,313
CALI,dry_bean,0.9406392694063926,2,False,fixed_capacity_incremental,True,0.9335347432024169,0.9478527607361963,1003,326,978
DERMASON,dry_bean,0.9199149539333806,3,True,fixed_capacity_incremental,False,0.9245014245014245,0.9153737658674189,1003,709,2127
HOROZ,dry_bean,0.9479305740987984,4,False,fixed_capacity_incremental,False,0.9416445623342176,0.9543010752688172,1003,372,1116
SEKER,dry_bean,0.9421686746987952,5,True,fixed_capacity_incremental,False,0.9221698113207547,0.9630541871921182,1003,406,1216
SIRA,dry_bean,0.8728323699421965,6,True,fixed_capacity_incremental,False,0.8864970645792564,0.8595825426944972,1003,527,1582
BARBUNYA,dry_bean,0.9330783938814532,0,False,adaptive_capacity_incremental,True,0.9457364341085271,0.9207547169811321,1003,265,793
BOMBAY,dry_bean,1.0,1,False,adaptive_capacity_incremental,True,1.0,1.0,1003,104,313
CALI,dry_bean,0.9404580152671755,2,False,adaptive_capacity_incremental,True,0.9361702127659575,0.9447852760736196,1003,326,978
DERMASON,dry_bean,0.9274537695590327,3,True,adaptive_capacity_incremental,False,0.9354375896700143,0.919605077574048,1003,709,2127
HOROZ,dry_bean,0.9442970822281167,4,False,adaptive_capacity_incremental,False,0.9319371727748691,0.956989247311828,1003,372,1116
SEKER,dry_bean,0.945321992709599,5,True,adaptive_capacity_incremental,False,0.9328537170263789,0.958128078817734,1003,406,1216
SIRA,dry_bean,0.8789323164918971,6,True,adaptive_capacity_incremental,False,0.8831417624521073,0.8747628083491461,1003,527,1582
BARBUNYA,dry_bean,0.9376181474480151,0,False,all_class_baseline,True,0.9393939393939394,0.9358490566037736,1004,265,793
BOMBAY,dry_bean,1.0,1,False,all_class_baseline,True,1.0,1.0,1004,104,313
CALI,dry_bean,0.9433384379785605,2,False,all_class_baseline,True,0.9418960244648318,0.9447852760736196,1004,326,978
DERMASON,dry_bean,0.9234042553191489,3,True,all_class_baseline,False,0.9286733238231099,0.918194640338505,1004,709,2127
HOROZ,dry_bean,0.9486486486486486,4,False,all_class_baseline,False,0.9538043478260869,0.9435483870967742,1004,372,1116
SEKER,dry_bean,0.9464720194647201,5,True,all_class_baseline,False,0.9350961538461539,0.958128078817734,1004,406,1216
SIRA,dry_bean,0.8768939393939394,6,True,all_class_baseline,False,0.8752362948960303,0.8785578747628083,1004,527,1582
BARBUNYA,dry_bean,0.9398496240601504,0,False,fixed_capacity_incremental,True,0.9363295880149812,0.9433962264150944,1004,265,793
BOMBAY,dry_bean,1.0,1,False,fixed_capacity_incremental,True,1.0,1.0,1004,104,313
CALI,dry_bean,0.9444444444444444,2,False,fixed_capacity_incremental,True,0.9503105590062112,0.9386503067484663,1004,326,978
DERMASON,dry_bean,0.9221052631578948,3,True,fixed_capacity_incremental,False,0.9175977653631285,0.926657263751763,1004,709,2127
HOROZ,dry_bean,0.946524064171123,4,False,fixed_capacity_incremental,False,0.9414893617021277,0.9516129032258065,1004,372,1116
SEKER,dry_bean,0.9379474940334129,5,True,fixed_capacity_incremental,False,0.9097222222222222,0.9679802955665024,1004,406,1216
SIRA,dry_bean,0.8714425907752699,6,True,fixed_capacity_incremental,False,0.9024390243902439,0.8425047438330171,1004,527,1582
BARBUNYA,dry_bean,0.9310344827586207,0,False,adaptive_capacity_incremental,True,0.9455252918287937,0.9169811320754717,1004,265,793
BOMBAY,dry_bean,1.0,1,False,adaptive_capacity_incremental,True,1.0,1.0,1004,104,313
CALI,dry_bean,0.9361702127659575,2,False,adaptive_capacity_incremental,True,0.927710843373494,0.9447852760736196,1004,326,978
DERMASON,dry_bean,0.9178674351585014,3,True,adaptive_capacity_incremental,False,0.9381443298969072,0.8984485190409027,1004,709,2127
HOROZ,dry_bean,0.946524064171123,4,False,adaptive_capacity_incremental,False,0.9414893617021277,0.9516129032258065,1004,372,1116
SEKER,dry_bean,0.9342891278375149,5,True,adaptive_capacity_incremental,False,0.9071925754060325,0.9630541871921182,1004,406,1216
SIRA,dry_bean,0.8722800378429517,6,True,adaptive_capacity_incremental,False,0.869811320754717,0.8747628083491461,1004,527,1582
BARBUNYA,dry_bean,0.9369024856596558,0,False,all_class_baseline,True,0.9496124031007752,0.9245283018867925,1005,265,793
BOMBAY,dry_bean,1.0,1,False,all_class_baseline,True,1.0,1.0,1005,104,313
CALI,dry_bean,0.9429892141756548,2,False,all_class_baseline,True,0.9473684210526315,0.9386503067484663,1005,326,978
DERMASON,dry_bean,0.9247009148486981,3,True,all_class_baseline,False,0.922752808988764,0.926657263751763,1005,709,2127
HOROZ,dry_bean,0.9484808454425363,4,False,all_class_baseline,False,0.9324675324675324,0.9650537634408602,1005,372,1116
SEKER,dry_bean,0.9484029484029484,5,True,all_class_baseline,False,0.946078431372549,0.9507389162561576,1005,406,1216
SIRA,dry_bean,0.875717017208413,6,True,all_class_baseline,False,0.882466281310212,0.8690702087286527,1005,527,1582
BARBUNYA,dry_bean,0.9369024856596558,0,False,fixed_capacity_incremental,True,0.9496124031007752,0.9245283018867925,1005,265,793
BOMBAY,dry_bean,1.0,1,False,fixed_capacity_incremental,True,1.0,1.0,1005,104,313
CALI,dry_bean,0.9406392694063926,2,False,fixed_capacity_incremental,True,0.9335347432024169,0.9478527607361963,1005,326,978
DERMASON,dry_bean,0.9200863930885529,3,True,fixed_capacity_incremental,False,0.9397058823529412,0.9012693935119888,1005,709,2127
HOROZ,dry_bean,0.9442970822281167,4,False,fixed_capacity_incremental,False,0.9319371727748691,0.956989247311828,1005,372,1116
SEKER,dry_bean,0.9379474940334129,5,True,fixed_capacity_incremental,False,0.9097222222222222,0.9679802955665024,1005,406,1216
SIRA,dry_bean,0.877025738798856,6,True,fixed_capacity_incremental,False,0.8812260536398467,0.872865275142315,1005,527,1582
BARBUNYA,dry_bean,0.9371428571428572,0,False,adaptive_capacity_incremental,True,0.9461538461538461,0.9283018867924528,1005,265,793
BOMBAY,dry_bean,1.0,1,False,adaptive_capacity_incremental,True,1.0,1.0,1005,104,313
CALI,dry_bean,0.9404580152671755,2,False,adaptive_capacity_incremental,True,0.9361702127659575,0.9447852760736196,1005,326,978
DERMASON,dry_bean,0.9276595744680851,3,True,adaptive_capacity_incremental,False,0.9329529243937232,0.922425952045134,1005,709,2127
HOROZ,dry_bean,0.9454061251664447,4,False,adaptive_capacity_incremental,False,0.9366754617414248,0.9543010752688172,1005,372,1116
SEKER,dry_bean,0.9454545454545454,5,True,adaptive_capacity_incremental,False,0.9307875894988067,0.9605911330049262,1005,406,1216
SIRA,dry_bean,0.8793103448275862,6,True,adaptive_capacity_incremental,False,0.8878143133462283,0.8709677419354839,1005,527,1582
BARBUNYA,dry_bean,0.9416195856873822,0,False,all_class_baseline,True,0.9398496240601504,0.9433962264150944,1006,265,793
BOMBAY,dry_bean,1.0,1,False,all_class_baseline,True,1.0,1.0,1006,104,313
CALI,dry_bean,0.941717791411043,2,False,all_class_baseline,True,0.941717791411043,0.941717791411043,1006,326,978
DERMASON,dry_bean,0.9163688348820586,3,True,all_class_baseline,False,0.9289855072463769,0.9040902679830748,1006,709,2127
HOROZ,dry_bean,0.941970310391363,4,False,all_class_baseline,False,0.94579945799458,0.9381720430107527,1006,372,1116
SEKER,dry_bean,0.9408926417370326,5,True,all_class_baseline,False,0.9219858156028369,0.9605911330049262,1006,406,1216
SIRA,dry_bean,0.8695652173913043,6,True,all_class_baseline,False,0.8662900188323918,0.872865275142315,1006,527,1582
BARBUNYA,dry_bean,0.9310344827586207,0,False,fixed_capacity_incremental,True,0.9455252918287937,0.9169811320754717,1006,265,793
BOMBAY,dry_bean,1.0,1,False,fixed_capacity_incremental,True,1.0,1.0,1006,104,313
CALI,dry_bean,0.9317147192716236,2,False,fixed_capacity_incremental,True,0.9219219219219219,0.941717791411043,1006,326,978
DERMASON,dry_bean,0.9184549356223176,3,True,fixed_capacity_incremental,False,0.9317851959361393,0.9055007052186178,1006,709,2127
HOROZ,dry_bean,0.9413333333333334,4,False,fixed_capacity_incremental,False,0.9338624338624338,0.9489247311827957,1006,372,1116
SEKER,dry_bean,0.9379474940334129,5,True,fixed_capacity_incremental,False,0.9097222222222222,0.9679802955665024,1006,406,1216
SIRA,dry_bean,0.8744007670182167,6,True,fixed_capacity_incremental,False,0.8837209302325582,0.8652751423149905,1006,527,1582
BARBUNYA,dry_bean,0.9330783938814532,0,False,adaptive_capacity_incremental,True,0.9457364341085271,0.9207547169811321,1006,265,793
BOMBAY,dry_bean,1.0,1,False,adaptive_capacity_incremental,True,1.0,1.0,1006,104,313
CALI,dry_bean,0.9372128637059725,2,False,adaptive_capacity_incremental,True,0.9357798165137615,0.9386503067484663,1006,326,978
DERMASON,dry_bean,0.9208838203848895,3,True,adaptive_capacity_incremental,False,0.930835734870317,0.9111424541607899,1006,709,2127
HOROZ,dry_bean,0.9463806970509383,4,False,adaptive_capacity_incremental,False,0.9438502673796791,0.9489247311827957,1006,372,1116
SEKER,dry_bean,0.9355608591885441,5,True,adaptive_capacity_incremental,False,0.9074074074074074,0.9655172413793104,1006,406,1216
SIRA,dry_bean,0.874880611270296,6,True,adaptive_capacity_incremental,False,0.8807692307692307,0.8690702087286527,1006,527,1582
BARBUNYA,dry_bean,0.937381404174573,0,False,all_class_baseline,True,0.9427480916030534,0.9320754716981132,1007,265,793
BOMBAY,dry_bean,1.0,1,False,all_class_baseline,True,1.0,1.0,1007,104,313
CALI,dry_bean,0.9472049689440993,2,False,all_class_baseline,True,0.9591194968553459,0.9355828220858896,1007,326,978
DERMASON,dry_bean,0.9254355400696864,3,True,all_class_baseline,False,0.9146005509641874,0.9365303244005642,1007,709,2127
HOROZ,dry_bean,0.9490616621983914,4,False,all_class_baseline,False,0.946524064171123,0.9516129032258065,1007,372,1116
SEKER,dry_bean,0.9341317365269461,5,True,all_class_baseline,False,0.9090909090909091,0.9605911330049262,1007,406,1216
SIRA,dry_bean,0.8778103616813294,6,True,all_class_baseline,False,0.905241935483871,0.8519924098671727,1007,527,1582
BARBUNYA,dry_bean,0.9389312977099237,0,False,fixed_capacity_incremental,True,0.9498069498069498,0.9283018867924528,1007,265,793
BOMBAY,dry_bean,1.0,1,False,fixed_capacity_incremental,True,1.0,1.0,1007,104,313
CALI,dry_bean,0.9431643625192012,2,False,fixed_capacity_incremental,True,0.9446153846153846,0.941717791411043,1007,326,978
DERMASON,dry_bean,0.9234042553191489,3,True,fixed_capacity_incremental,False,0.9286733238231099,0.918194640338505,1007,709,2127
HOROZ,dry_bean,0.9454061251664447,4,False,fixed_capacity_incremental,False,0.9366754617414248,0.9543010752688172,1007,372,1116
SEKER,dry_bean,0.9461077844311377,5,True,fixed_capacity_incremental,False,0.9207459207459208,0.9729064039408867,1007,406,1216
SIRA,dry_bean,0.87776708373436,6,True,fixed_capacity_incremental,False,0.890625,0.8652751423149905,1007,527,1582
BARBUNYA,dry_bean,0.9330783938814532,0,False,adaptive_capacity_incremental,True,0.9457364341085271,0.9207547169811321,1007,265,793
BOMBAY,dry_bean,1.0,1,False,adaptive_capacity_incremental,True,1.0,1.0,1007,104,313
CALI,dry_bean,0.9377845220030349,2,False,adaptive_capacity_incremental,True,0.9279279279279279,0.9478527607361963,1007,326,978
DERMASON,dry_bean,0.9205903021784961,3,True,adaptive_capacity_incremental,False,0.9173669467787114,0.923836389280677,1007,709,2127
HOROZ,dry_bean,0.944,4,False,adaptive_capacity_incremental,False,0.9365079365079365,0.9516129032258065,1007,372,1116
SEKER,dry_bean,0.9421686746987952,5,True,adaptive_capacity_incremental,False,0.9221698113207547,0.9630541871921182,1007,406,1216
SIRA,dry_bean,0.8702439024390244,6,True,adaptive_capacity_incremental,False,0.8955823293172691,0.8462998102466793,1007,527,1582
BARBUNYA,dry_bean,0.9371428571428572,0,False,all_class_baseline,True,0.9461538461538461,0.9283018867924528,1008,265,793
BOMBAY,dry_bean,1.0,1,False,all_class_baseline,True,1.0,1.0,1008,104,313
CALI,dry_bean,0.9370199692780338,2,False,all_class_baseline,True,0.9384615384615385,0.9355828220858896,1008,326,978
DERMASON,dry_bean,0.9256661991584852,3,True,all_class_baseline,False,0.9205020920502092,0.9308885754583921,1008,709,2127
HOROZ,dry_bean,0.9441489361702128,4,False,all_class_baseline,False,0.9342105263157895,0.9543010752688172,1008,372,1116
SEKER,dry_bean,0.9517923362175525,5,True,all_class_baseline,False,0.9553349875930521,0.9482758620689655,1008,406,1216
SIRA,dry_bean,0.8767908309455588,6,True,all_class_baseline,False,0.8826923076923077,0.8709677419354839,1008,527,1582
BARBUNYA,dry_bean,0.9346153846153846,0,False,fixed_capacity_incremental,True,0.9529411764705882,0.9169811320754717,1008,265,793
BOMBAY,dry_bean,1.0,1,False,fixed_capacity_incremental,True,1.0,1.0,1008,104,313
CALI,dry_bean,0.9454545454545454,2,False,fixed_capacity_incremental,True,0.9341317365269461,0.9570552147239264,1008,326,978
DERMASON,dry_bean,0.9213323883770376,3,True,fixed_capacity_incremental,False,0.9259259259259259,0.9167842031029619,1008,709,2127
HOROZ,dry_bean,0.9424364123159303,4,False,fixed_capacity_incremental,False,0.9386666666666666,0.946236559139785,1008,372,1116
SEKER,dry_bean,0.9437125748502994,5,True,fixed_capacity_incremental,False,0.9184149184149184,0.9704433497536946,1008,406,1216
SIRA,dry_bean,0.8698167791706847,6,True,fixed_capacity_incremental,False,0.884313725490196,0.855787476280835,1008,527,1582
BARBUNYA,dry_bean,0.9386973180076629,0,False,adaptive_capacity_incremental,True,0.953307392996109,0.9245283018867925,1008,265,793
BOMBAY,dry_bean,1.0,1,False,adaptive_capacity_incremental,True,1.0,1.0,1008,104,313
CALI,dry_bean,0.9375951293759512,2,False,adaptive_capacity_incremental,True,0.9305135951661632,0.9447852760736196,1008,326,978
DERMASON,dry_bean,0.9263005780346821,3,True,adaptive_capacity_incremental,False,0.9496296296296296,0.9040902679830748,1008,709,2127
HOROZ,dry_bean,0.9424364123159303,4,False,adaptive_capacity_incremental,False,0.9386666666666666,0.946236559139785,1008,372,1116
SEKER,dry_bean,0.9413173652694611,5,True,adaptive_capacity_incremental,False,0.916083916083916,0.9679802955665024,1008,406,1216
SIRA,dry_bean,0.8807511737089202,6,True,adaptive_capacity_incremental,False,0.8717472118959108,0.889943074003795,1008,527,1582
BARBUNYA,dry_bean,0.9335863377609108,0,False,all_class_baseline,True,0.9389312977099237,0.9283018867924528,1009,265,793
BOMBAY,dry_bean,1.0,1,False,all_class_baseline,True,1.0,1.0,1009,104,313
CALI,dry_bean,0.9368258859784283,2,False,all_class_baseline,True,0.9411764705882353,0.9325153374233128,1009,326,978
DERMASON,dry_bean,0.9224318658280922,3,True,all_class_baseline,False,0.9141274238227147,0.9308885754583921,1009,709,2127
HOROZ,dry_bean,0.9448183041722745,4,False,all_class_baseline,False,0.9460916442048517,0.9435483870967742,1009,372,1116
SEKER,dry_bean,0.9330143540669856,5,True,all_class_baseline,False,0.9069767441860465,0.9605911330049262,1009,406,1216
SIRA,dry_bean,0.87109375,6,True,all_class_baseline,False,0.89738430583501,0.8462998102466793,1009,527,1582
BARBUNYA,dry_bean,0.937381404174573,0,False,fixed_capacity_incremental,True,0.9427480916030534,0.9320754716981132,1009,265,793
BOMBAY,dry_bean,1.0,1,False,fixed_capacity_incremental,True,1.0,1.0,1009,104,313
CALI,dry_bean,0.9415384615384615,2,False,fixed_capacity_incremental,True,0.9444444444444444,0.9386503067484663,1009,326,978
DERMASON,dry_bean,0.9207920792079208,3,True,fixed_capacity_incremental,False,0.9234042553191489,0.918194640338505,1009,709,2127
HOROZ,dry_bean,0.9389920424403183,4,False,fixed_capacity_incremental,False,0.9267015706806283,0.9516129032258065,1009,372,1116
SEKER,dry_bean,0.943577430972389,5,True,fixed_capacity_incremental,False,0.9203747072599532,0.9679802955665024,1009,406,1216
SIRA,dry_bean,0.874031007751938,6,True,fixed_capacity_incremental,False,0.8930693069306931,0.855787476280835,1009,527,1582
BARBUNYA,dry_bean,0.9386973180076629,0,False,adaptive_capacity_incremental,True,0.953307392996109,0.9245283018867925,1009,265,793
BOMBAY,dry_bean,1.0,1,False,adaptive_capacity_incremental,True,1.0,1.0,1009,104,313
CALI,dry_bean,0.9409984871406959,2,False,adaptive_capacity_incremental,True,0.9283582089552239,0.9539877300613497,1009,326,978
DERMASON,dry_bean,0.9228591648973815,3,True,adaptive_capacity_incremental,False,0.9261363636363636,0.919605077574048,1009,709,2127
HOROZ,dry_bean,0.9395973154362416,4,False,adaptive_capacity_incremental,False,0.938337801608579,0.9408602150537635,1009,372,1116
SEKER,dry_bean,0.945321992709599,5,True,adaptive_capacity_incremental,False,0.9328537170263789,0.958128078817734,1009,406,1216
SIRA,dry_bean,0.8738049713193117,6,True,adaptive_capacity_incremental,False,0.8805394990366089,0.8671726755218216,1009,527,1582
BARBUNYA,dry_bean,0.9181636726546906,0,False,all_class_baseline,True,0.9745762711864406,0.8679245283018868,1010,265,793
BOMBAY,dry_bean,1.0,1,False,all_class_baseline,True,1.0,1.0,1010,104,313
CALI,dry_bean,0.9280469897209985,2,False,all_class_baseline,True,0.8901408450704226,0.9693251533742331,1010,326,978
DERMASON,dry_bean,0.9265220433869839,3,True,all_class_baseline,False,0.9194444444444444,0.9337094499294781,1010,709,2127
HOROZ,dry_bean,0.9493333333333334,4,False,all_class_baseline,False,0.9417989417989417,0.956989247311828,1010,372,1116
SEKER,dry_bean,0.949569495694957,5,True,all_class_baseline,False,0.9484029484029484,0.9507389162561576,1010,406,1216
SIRA,dry_bean,0.8783783783783784,6,True,all_class_baseline,False,0.8939096267190569,0.8633776091081594,1010,527,1582
BARBUNYA,dry_bean,0.935361216730038,0,False,fixed_capacity_incremental,True,0.9425287356321839,0.9283018867924528,1010,265,793
BOMBAY,dry_bean,1.0,1,False,fixed_capacity_incremental,True,1.0,1.0,1010,104,313
CALI,dry_bean,0.9446153846153846,2,False,fixed_capacity_incremental,True,0.9475308641975309,0.941717791411043,1010,326,978
DERMASON,dry_bean,0.924274593064402,3,True,fixed_capacity_incremental,False,0.9275568181818182,0.921015514809591,1010,709,2127
HOROZ,dry_bean,0.952,4,False,fixed_capacity_incremental,False,0.9444444444444444,0.9596774193548387,1010,372,1116
SEKER,dry_bean,0.947109471094711,5,True,fixed_capacity_incremental,False,0.9459459459459459,0.9482758620689655,1010,406,1216
SIRA,dry_bean,0.8752362948960303,6,True,fixed_capacity_incremental,False,0.871939736346516,0.8785578747628083,1010,527,1582
BARBUNYA,dry_bean,0.935361216730038,0,False,adaptive_capacity_incremental,True,0.9425287356321839,0.9283018867924528,1010,265,793
BOMBAY,dry_bean,1.0,1,False,adaptive_capacity_incremental,True,1.0,1.0,1010,104,313
CALI,dry_bean,0.9355828220858896,2,False,adaptive_capacity_incremental,True,0.9355828220858896,0.9355828220858896,1010,326,978
DERMASON,dry_bean,0.9241475295755045,3,True,adaptive_capacity_incremental,False,0.9120879120879121,0.9365303244005642,1010,709,2127
HOROZ,dry_bean,0.9340369393139841,4,False,adaptive_capacity_incremental,False,0.917098445595855,0.9516129032258065,1010,372,1116
SEKER,dry_bean,0.9397590361445783,5,True,adaptive_capacity_incremental,False,0.9198113207547169,0.9605911330049262,1010,406,1216
SIRA,dry_bean,0.8679245283018868,6,True,adaptive_capacity_incremental,False,0.9104166666666667,0.8292220113851992,1010,527,1582
1,landsat,0.9837837837837838,0,True,all_class_baseline,False,0.9806034482758621,0.9869848156182213,1001,461,804
2,landsat,0.9515418502202643,1,False,all_class_baseline,False,0.9391304347826087,0.9642857142857143,1001,224,359
3,landsat,0.9007444168734491,2,False,all_class_baseline,False,0.8875305623471883,0.9143576826196473,1001,397,721
4,landsat,0.6584158415841584,3,False,all_class_baseline,True,0.689119170984456,0.6303317535545023,1001,211,311
5,landsat,0.8540305010893247,4,False,all_class_baseline,True,0.8828828828828829,0.8270042194092827,1001,237,353
7,landsat,0.8445378151260504,5,True,all_class_baseline,False,0.8340248962655602,0.8553191489361702,1001,470,778
1,landsat,0.9816612729234089,0,True,fixed_capacity_incremental,False,0.9763948497854077,0.9869848156182213,1001,461,804
2,landsat,0.9665924276169265,1,False,fixed_capacity_incremental,False,0.9644444444444444,0.96875,1001,224,359
3,landsat,0.9119420989143546,2,False,fixed_capacity_incremental,False,0.875,0.9521410579345088,1001,397,721
4,landsat,0.6962616822429907,3,False,fixed_capacity_incremental,True,0.6866359447004609,0.7061611374407583,1001,211,311
5,landsat,0.8823529411764706,4,False,fixed_capacity_incremental,True,0.8786610878661087,0.8860759493670886,1001,237,353
7,landsat,0.8417508417508418,5,True,fixed_capacity_incremental,False,0.8907363420427553,0.7978723404255319,1001,470,778
1,landsat,0.978494623655914,0,True,adaptive_capacity_incremental,False,0.9701492537313433,0.9869848156182213,1001,461,804
2,landsat,0.9665924276169265,1,False,adaptive_capacity_incremental,False,0.9644444444444444,0.96875,1001,224,359
3,landsat,0.9130966952264382,2,False,adaptive_capacity_incremental,False,0.888095238095238,0.9395465994962217,1001,397,721
4,landsat,0.6649616368286445,3,False,adaptive_capacity_incremental,True,0.7222222222222222,0.6161137440758294,1001,211,311
5,landsat,0.8443496801705757,4,False,adaptive_capacity_incremental,True,0.853448275862069,0.8354430379746836,1001,237,353
7,landsat,0.8516949152542372,5,True,adaptive_capacity_incremental,False,0.8481012658227848,0.8553191489361702,1001,470,778
1,landsat,0.9817400644468314,0,True,all_class_baseline,False,0.9723404255319149,0.9913232104121475,1002,461,804
2,landsat,0.9688888888888889,1,False,all_class_baseline,False,0.9646017699115044,0.9732142857142857,1002,224,359
3,landsat,0.8888888888888888,2,False,all_class_baseline,False,0.8911392405063291,0.8866498740554156,1002,397,721
4,landsat,0.6588785046728972,3,False,all_class_baseline,True,0.6497695852534562,0.6682464454976303,1002,211,311
5,landsat,0.8704883227176221,4,False,all_class_baseline,True,0.8760683760683761,0.8649789029535865,1002,237,353
7,landsat,0.8620689655172413,5,True,all_class_baseline,False,0.8733624454148472,0.851063829787234,1002,470,778
1,landsat,0.980561555075594,0,True,fixed_capacity_incremental,False,0.9763440860215054,0.9848156182212582,1002,461,804
2,landsat,0.9664429530201343,1,False,fixed_capacity_incremental,False,0.968609865470852,0.9642857142857143,1002,224,359
3,landsat,0.9209876543209876,2,False,fixed_capacity_incremental,False,0.9031476997578692,0.9395465994962217,1002,397,721
4,landsat,0.6729857819905213,3,False,fixed_capacity_incremental,True,0.6729857819905213,0.6729857819905213,1002,211,311
5,landsat,0.864406779661017,4,False,fixed_capacity_incremental,True,0.8680851063829788,0.8607594936708861,1002,237,353
7,landsat,0.8450704225352113,5,True,fixed_capacity_incremental,False,0.8609271523178808,0.8297872340425532,1002,470,778
1,landsat,0.9795479009687836,0,True,adaptive_capacity_incremental,False,0.9722222222222222,0.9869848156182213,1002,461,804
2,landsat,0.9665924276169265,1,False,adaptive_capacity_incremental,False,0.9644444444444444,0.96875,1002,224,359
3,landsat,0.9029850746268657,2,False,adaptive_capacity_incremental,False,0.8918918918918919,0.9143576826196473,1002,397,721
4,landsat,0.6589861751152074,3,False,adaptive_capacity_incremental,True,0.6412556053811659,0.6777251184834123,1002,211,311
5,landsat,0.8464912280701754,4,False,adaptive_capacity_incremental,True,0.8812785388127854,0.8143459915611815,1002,237,353
7,landsat,0.8405172413793104,5,True,adaptive_capacity_incremental,False,0.851528384279476,0.8297872340425532,1002,470,778
1,landsat,0.9838536060279871,0,True,all_class_baseline,False,0.9764957264957265,0.9913232104121475,1003,461,804
2,landsat,0.9624724061810155,1,False,all_class_baseline,False,0.9519650655021834,0.9732142857142857,1003,224,359
3,landsat,0.9075215782983971,2,False,all_class_baseline,False,0.8888888888888888,0.9269521410579346,1003,397,721
4,landsat,0.6650717703349283,3,False,all_class_baseline,True,0.6714975845410628,0.6587677725118484,1003,211,311
5,landsat,0.8200455580865603,4,False,all_class_baseline,True,0.8910891089108911,0.759493670886076,1003,237,353
7,landsat,0.8252631578947368,5,True,all_class_baseline,False,0.8166666666666667,0.8340425531914893,1003,470,778
1,landsat,0.9816216216216216,0,True,fixed_capacity_incremental,False,0.978448275862069,0.9848156182212582,1003,461,804
2,landsat,0.9621380846325167,1,False,fixed_capacity_incremental,False,0.96,0.9642857142857143,1003,224,359
3,landsat,0.9160493827160494,2,False,fixed_capacity_incremental,False,0.8983050847457628,0.9345088161209067,1003,397,721
4,landsat,0.6568627450980392,3,False,fixed_capacity_incremental,True,0.6802030456852792,0.6350710900473934,1003,211,311
5,landsat,0.8613445378151261,4,False,fixed_capacity_incremental,True,0.8577405857740585,0.8649789029535865,1003,237,353
7,landsat,0.8454935622317596,5,True,fixed_capacity_incremental,False,0.8528138528138528,0.8382978723404255,1003,470,778
1,landsat,0.9773950484391819,0,True,adaptive_capacity_incremental,False,0.9700854700854701,0.9848156182212582,1003,461,804
2,landsat,0.9617977528089887,1,False,adaptive_capacity_incremental,False,0.9683257918552036,0.9553571428571429,1003,224,359
3,landsat,0.9060240963855422,2,False,adaptive_capacity_incremental,False,0.8683602771362586,0.947103274559194,1003,397,721
4,landsat,0.6819338422391857,3,False,adaptive_capacity_incremental,True,0.7362637362637363,0.6350710900473934,1003,211,311
5,landsat,0.8571428571428571,4,False,adaptive_capacity_incremental,True,0.8663793103448276,0.8481012658227848,1003,237,353
7,landsat,0.8458244111349036,5,True,adaptive_capacity_incremental,False,0.8512931034482759,0.8404255319148937,1003,470,778
1,landsat,0.9804347826086957,0,True,all_class_baseline,False,0.9825708061002179,0.9783080260303688,1004,461,804
2,landsat,0.9647577092511013,1,False,all_class_baseline,False,0.9521739130434783,0.9776785714285714,1004,224,359
3,landsat,0.9130966952264382,2,False,all_class_baseline,False,0.888095238095238,0.9395465994962217,1004,397,721
4,landsat,0.6870229007633588,3,False,all_class_baseline,True,0.7417582417582418,0.6398104265402843,1004,211,311
5,landsat,0.851063829787234,4,False,all_class_baseline,True,0.8583690987124464,0.8438818565400844,1004,237,353
7,landsat,0.8520084566596194,5,True,all_class_baseline,False,0.8466386554621849,0.8574468085106383,1004,470,778
1,landsat,0.9783080260303688,0,True,fixed_capacity_incremental,False,0.9783080260303688,0.9783080260303688,1004,461,804
2,landsat,0.9664429530201343,1,False,fixed_capacity_incremental,False,0.968609865470852,0.9642857142857143,1004,224,359
3,landsat,0.905422446406053,2,False,fixed_capacity_incremental,False,0.9065656565656566,0.9042821158690176,1004,397,721
4,landsat,0.6697674418604651,3,False,fixed_capacity_incremental,True,0.6575342465753424,0.6824644549763034,1004,211,311
5,landsat,0.860125260960334,4,False,fixed_capacity_incremental,True,0.8512396694214877,0.869198312236287,1004,237,353
7,landsat,0.8396124865446717,5,True,fixed_capacity_incremental,False,0.8496732026143791,0.8297872340425532,1004,470,778
1,landsat,0.9762931034482759,0,True,adaptive_capacity_incremental,False,0.9700214132762313,0.982646420824295,1004,461,804
2,landsat,0.9621380846325167,1,False,adaptive_capacity_incremental,False,0.96,0.9642857142857143,1004,224,359
3,landsat,0.8975,2,False,adaptive_capacity_incremental,False,0.890818858560794,0.9042821158690176,1004,397,721
4,landsat,0.6743119266055045,3,False,adaptive_capacity_incremental,True,0.6533333333333333,0.6966824644549763,1004,211,311
5,landsat,0.851063829787234,4,False,adaptive_capacity_incremental,True,0.8583690987124464,0.8438818565400844,1004,237,353
7,landsat,0.8549618320610687,5,True,adaptive_capacity_incremental,False,0.8769574944071589,0.8340425531914893,1004,470,778
1,landsat,0.9849462365591398,0,True,all_class_baseline,False,0.976545842217484,0.9934924078091106,1005,461,804
2,landsat,0.9605263157894737,1,False,all_class_baseline,False,0.9439655172413793,0.9776785714285714,1005,224,359
3,landsat,0.9113001215066828,2,False,all_class_baseline,False,0.8802816901408451,0.9445843828715366,1005,397,721
4,landsat,0.6370757180156658,3,False,all_class_baseline,True,0.7093023255813954,0.5781990521327014,1005,211,311
5,landsat,0.8650963597430407,4,False,all_class_baseline,True,0.8782608695652174,0.8523206751054853,1005,237,353
7,landsat,0.8437832093517534,5,True,all_class_baseline,False,0.8428874734607219,0.8446808510638298,1005,470,778
1,landsat,0.9806034482758621,0,True,fixed_capacity_incremental,False,0.974304068522484,0.9869848156182213,1005,461,804
2,landsat,0.9598214285714286,1,False,fixed_capacity_incremental,False,0.9598214285714286,0.9598214285714286,1005,224,359
3,landsat,0.9084065244667503,2,False,fixed_capacity_incremental,False,0.905,0.9118387909319899,1005,397,721
4,landsat,0.6448598130841121,3,False,fixed_capacity_incremental,True,0.6359447004608295,0.6540284360189573,1005,211,311
5,landsat,0.8728813559322034,4,False,fixed_capacity_incremental,True,0.8765957446808511,0.869198312236287,1005,237,353
7,landsat,0.8457389428263214,5,True,fixed_capacity_incremental,False,0.8577680525164114,0.8340425531914893,1005,470,778
1,landsat,0.9827586206896551,0,True,adaptive_capacity_incremental,False,0.9764453961456103,0.9891540130151844,1005,461,804
2,landsat,0.9665924276169265,1,False,adaptive_capacity_incremental,False,0.9644444444444444,0.96875,1005,224,359
3,landsat,0.8995098039215687,2,False,adaptive_capacity_incremental,False,0.8758949880668258,0.924433249370277,1005,397,721
4,landsat,0.6483790523690773,3,False,adaptive_capacity_incremental,True,0.6842105263157895,0.6161137440758294,1005,211,311
5,landsat,0.8686440677966102,4,False,adaptive_capacity_incremental,True,0.8723404255319149,0.8649789029535865,1005,237,353
7,landsat,0.8479657387580299,5,True,adaptive_capacity_incremental,False,0.853448275862069,0.8425531914893617,1005,470,778
1,landsat,0.9776357827476039,0,True,all_class_baseline,False,0.9602510460251046,0.9956616052060737,1006,461,804
2,landsat,0.9443207126948775,1,False,all_class_baseline,False,0.9422222222222222,0.9464285714285714,1006,224,359
3,landsat,0.8987341772151899,2,False,all_class_baseline,False,0.9033078880407125,0.8942065491183879,1006,397,721
4,landsat,0.5882352941176471,3,False,all_class_baseline,True,0.5841121495327103,0.5924170616113744,1006,211,311
5,landsat,0.8140043763676149,4,False,all_class_baseline,True,0.8454545454545455,0.7848101265822784,1006,237,353
7,landsat,0.823404255319149,5,True,all_class_baseline,False,0.823404255319149,0.823404255319149,1006,470,778
1,landsat,0.9839228295819936,0,True,fixed_capacity_incremental,False,0.972457627118644,0.9956616052060737,1006,461,804
2,landsat,0.9576837416481069,1,False,fixed_capacity_incremental,False,0.9555555555555556,0.9598214285714286,1006,224,359
3,landsat,0.9064398541919806,2,False,fixed_capacity_incremental,False,0.8755868544600939,0.9395465994962217,1006,397,721
4,landsat,0.6870588235294117,3,False,fixed_capacity_incremental,True,0.6822429906542056,0.6919431279620853,1006,211,311
5,landsat,0.864516129032258,4,False,fixed_capacity_incremental,True,0.881578947368421,0.8481012658227848,1006,237,353
7,landsat,0.8397790055248618,5,True,fixed_capacity_incremental,False,0.8735632183908046,0.8085106382978723,1006,470,778
1,landsat,0.9815817984832069,0,True,adaptive_capacity_incremental,False,0.9805194805194806,0.982646420824295,1006,461,804
2,landsat,0.9665924276169265,1,False,adaptive_capacity_incremental,False,0.9644444444444444,0.96875,1006,224,359
3,landsat,0.905422446406053,2,False,adaptive_capacity_incremental,False,0.9065656565656566,0.9042821158690176,1006,397,721
4,landsat,0.6561085972850679,3,False,adaptive_capacity_incremental,True,0.6277056277056277,0.6872037914691943,1006,211,311
5,landsat,0.8672199170124482,4,False,adaptive_capacity_incremental,True,0.8530612244897959,0.8818565400843882,1006,237,353
7,landsat,0.8408342480790341,5,True,adaptive_capacity_incremental,False,0.8684807256235828,0.8148936170212766,1006,470,778
1,landsat,0.9837486457204767,0,True,all_class_baseline,False,0.9826839826839827,0.9848156182212582,1007,461,804
2,landsat,0.9536423841059603,1,False,all_class_baseline,False,0.9432314410480349,0.9642857142857143,1007,224,359
3,landsat,0.906832298136646,2,False,all_class_baseline,False,0.8946078431372549,0.9193954659949622,1007,397,721
4,landsat,0.6778042959427207,3,False,all_class_baseline,True,0.6826923076923077,0.6729857819905213,1007,211,311
5,landsat,0.8376068376068376,4,False,all_class_baseline,True,0.8484848484848485,0.8270042194092827,1007,237,353
7,landsat,0.8454935622317596,5,True,all_class_baseline,False,0.8528138528138528,0.8382978723404255,1007,470,778
1,landsat,0.9785407725321889,0,True,fixed_capacity_incremental,False,0.9681528662420382,0.9891540130151844,1007,461,804
2,landsat,0.956140350877193,1,False,fixed_capacity_incremental,False,0.9396551724137931,0.9732142857142857,1007,224,359
3,landsat,0.8914141414141414,2,False,fixed_capacity_incremental,False,0.8936708860759494,0.889168765743073,1007,397,721
4,landsat,0.6745843230403801,3,False,fixed_capacity_incremental,True,0.6761904761904762,0.6729857819905213,1007,211,311
5,landsat,0.8266666666666667,4,False,fixed_capacity_incremental,True,0.8732394366197183,0.7848101265822784,1007,237,353
7,landsat,0.845100105374078,5,True,fixed_capacity_incremental,False,0.837160751565762,0.8531914893617021,1007,470,778
1,landsat,0.9795479009687836,0,True,adaptive_capacity_incremental,False,0.9722222222222222,0.9869848156182213,1007,461,804
2,landsat,0.9734513274336283,1,False,adaptive_capacity_incremental,False,0.9649122807017544,0.9821428571428571,1007,224,359
3,landsat,0.9106699751861043,2,False,adaptive_capacity_incremental,False,0.8973105134474327,0.924433249370277,1007,397,721
4,landsat,0.6600496277915633,3,False,adaptive_capacity_incremental,True,0.6927083333333334,0.6303317535545023,1007,211,311
5,landsat,0.8639308855291576,4,False,adaptive_capacity_incremental,True,0.8849557522123894,0.8438818565400844,1007,237,353
7,landsat,0.8426610348468849,5,True,adaptive_capacity_incremental,False,0.8364779874213837,0.8489361702127659,1007,470,778
1,landsat,0.9881337648327939,0,True,all_class_baseline,False,0.9828326180257511,0.9934924078091106,1008,461,804
2,landsat,0.956140350877193,1,False,all_class_baseline,False,0.9396551724137931,0.9732142857142857,1008,224,359
3,landsat,0.8929889298892989,2,False,all_class_baseline,False,0.8725961538461539,0.9143576826196473,1008,397,721
4,landsat,0.6650485436893204,3,False,all_class_baseline,True,0.681592039800995,0.6492890995260664,1008,211,311
5,landsat,0.8851774530271399,4,False,all_class_baseline,True,0.8760330578512396,0.8945147679324894,1008,237,353
7,landsat,0.8565169769989047,5,True,all_class_baseline,False,0.8826185101580135,0.8319148936170213,1008,470,778
1,landsat,0.9837837837837838,0,True,fixed_capacity_incremental,False,0.9806034482758621,0.9869848156182213,1008,461,804
2,landsat,0.9753914988814317,1,False,fixed_capacity_incremental,False,0.9775784753363229,0.9732142857142857,1008,224,359
3,landsat,0.9159561510353228,2,False,fixed_capacity_incremental,False,0.8867924528301887,0.947103274559194,1008,397,721
4,landsat,0.6782178217821783,3,False,fixed_capacity_incremental,True,0.7098445595854922,0.6492890995260664,1008,211,311
5,landsat,0.8608695652173913,4,False,fixed_capacity_incremental,True,0.8878923766816144,0.8354430379746836,1008,237,353
7,landsat,0.8335100742311771,5,True,fixed_capacity_incremental,False,0.8308668076109936,0.8361702127659575,1008,470,778
1,landsat,0.978494623655914,0,True,adaptive_capacity_incremental,False,0.9701492537313433,0.9869848156182213,1008,461,804
2,landsat,0.9730941704035875,1,False,adaptive_capacity_incremental,False,0.9774774774774775,0.96875,1008,224,359
3,landsat,0.9143546441495778,2,False,adaptive_capacity_incremental,False,0.8773148148148148,0.9546599496221663,1008,397,721
4,landsat,0.674937965260546,3,False,adaptive_capacity_incremental,True,0.7083333333333334,0.6445497630331753,1008,211,311
5,landsat,0.8503253796095445,4,False,adaptive_capacity_incremental,True,0.875,0.8270042194092827,1008,237,353
7,landsat,0.8356605800214822,5,True,adaptive_capacity_incremental,False,0.8438177874186551,0.8276595744680851,1008,470,778
1,landsat,0.9773462783171522,0,True,all_class_baseline,False,0.9721030042918455,0.982646420824295,1009,461,804
2,landsat,0.9598214285714286,1,False,all_class_baseline,False,0.9598214285714286,0.9598214285714286,1009,224,359
3,landsat,0.9113001215066828,2,False,all_class_baseline,False,0.8802816901408451,0.9445843828715366,1009,397,721
4,landsat,0.6682808716707022,3,False,all_class_baseline,True,0.6831683168316832,0.6540284360189573,1009,211,311
5,landsat,0.8583333333333333,4,False,all_class_baseline,True,0.8477366255144033,0.869198312236287,1009,237,353
7,landsat,0.8382838283828383,5,True,all_class_baseline,False,0.8678815489749431,0.8106382978723404,1009,470,778
1,landsat,0.9892008639308856,0,True,fixed_capacity_incremental,False,0.9849462365591398,0.9934924078091106,1009,461,804
2,landsat,0.970917225950783,1,False,fixed_capacity_incremental,False,0.9730941704035875,0.96875,1009,224,359
3,landsat,0.9033047735618115,2,False,fixed_capacity_incremental,False,0.8785714285714286,0.929471032745592,1009,397,721
4,landsat,0.677570093457944,3,False,fixed_capacity_incremental,True,0.6682027649769585,0.6872037914691943,1009,211,311
5,landsat,0.8893528183716075,4,False,fixed_capacity_incremental,True,0.8801652892561983,0.8987341772151899,1009,237,353
7,landsat,0.8372093023255814,5,True,fixed_capacity_incremental,False,0.8729792147806005,0.8042553191489362,1009,470,778
1,landsat,0.9816612729234089,0,True,adaptive_capacity_incremental,False,0.9763948497854077,0.9869848156182213,1009,461,804
2,landsat,0.956140350877193,1,False,adaptive_capacity_incremental,False,0.9396551724137931,0.9732142857142857,1009,224,359
3,landsat,0.9038701622971286,2,False,adaptive_capacity_incremental,False,0.8960396039603961,0.9118387909319899,1009,397,721
4,landsat,0.6618705035971223,3,False,adaptive_capacity_incremental,True,0.6699029126213593,0.6540284360189573,1009,211,311
5,landsat,0.8402625820568927,4,False,adaptive_capacity_incremental,True,0.8727272727272727,0.810126582278481,1009,237,353
7,landsat,0.8492569002123143,5,True,adaptive_capacity_incremental,False,0.847457627118644,0.851063829787234,1009,470,778
1,landsat,0.9795918367346939,0,True,all_class_baseline,False,0.9702127659574468,0.9891540130151844,1010,461,804
2,landsat,0.9624724061810155,1,False,all_class_baseline,False,0.9519650655021834,0.9732142857142857,1010,224,359
3,landsat,0.9057527539779682,2,False,all_class_baseline,False,0.8809523809523809,0.9319899244332494,1010,397,721
4,landsat,0.669833729216152,3,False,all_class_baseline,True,0.6714285714285714,0.6682464454976303,1010,211,311
5,landsat,0.832579185520362,4,False,all_class_baseline,True,0.8975609756097561,0.7763713080168776,1010,237,353
7,landsat,0.8311965811965812,5,True,all_class_baseline,False,0.8347639484978541,0.8276595744680851,1010,470,778
1,landsat,0.9804347826086957,0,True,fixed_capacity_incremental,False,0.9825708061002179,0.9783080260303688,1010,461,804
2,landsat,0.96875,1,False,fixed_capacity_incremental,False,0.96875,0.96875,1010,224,359
3,landsat,0.8970775095298602,2,False,fixed_capacity_incremental,False,0.9051282051282051,0.889168765743073,1010,397,721
4,landsat,0.6602409638554216,3,False,fixed_capacity_incremental,True,0.6715686274509803,0.6492890995260664,1010,211,311
5,landsat,0.8702928870292888,4,False,fixed_capacity_incremental,True,0.8630705394190872,0.8776371308016878,1010,237,353
7,landsat,0.8592436974789915,5,True,fixed_capacity_incremental,False,0.8485477178423236,0.8702127659574468,1010,470,778
1,landsat,0.9828326180257511,0,True,adaptive_capacity_incremental,False,0.9723991507430998,0.9934924078091106,1010,461,804
2,landsat,0.968609865470852,1,False,adaptive_capacity_incremental,False,0.972972972972973,0.9642857142857143,1010,224,359
3,landsat,0.9113300492610837,2,False,adaptive_capacity_incremental,False,0.891566265060241,0.9319899244332494,1010,397,721
4,landsat,0.6844660194174758,3,False,adaptive_capacity_incremental,True,0.7014925373134329,0.6682464454976303,1010,211,311
5,landsat,0.8571428571428571,4,False,adaptive_capacity_incremental,True,0.8535564853556485,0.8607594936708861,1010,237,353
7,landsat,0.8524945770065075,5,True,adaptive_capacity_incremental,False,0.8694690265486725,0.8361702127659575,1010,470,778
0,optdigits,0.9806094182825484,0,True,all_class_baseline,False,0.9672131147540983,0.9943820224719101,1001,178,282
1,optdigits,0.8418604651162791,1,True,all_class_baseline,False,0.7298387096774194,0.9945054945054945,1001,182,218
2,optdigits,0.9371428571428572,2,True,all_class_baseline,False,0.9479768786127167,0.9265536723163842,1001,177,169
3,optdigits,0.9322493224932249,3,True,all_class_baseline,False,0.9247311827956989,0.9398907103825137,1001,183,130
4,optdigits,0.9259259259259259,4,False,all_class_baseline,False,0.8883248730964467,0.9668508287292817,1001,181,101
5,optdigits,0.9549071618037135,5,False,all_class_baseline,False,0.9230769230769231,0.989010989010989,1001,182,78
6,optdigits,0.9746478873239437,6,False,all_class_baseline,True,0.9942528735632183,0.9558011049723757,1001,181,60
7,optdigits,0.9597701149425287,7,False,all_class_baseline,True,0.9881656804733728,0.9329608938547486,1001,179,47
8,optdigits,0.7781569965870307,8,False,all_class_baseline,True,0.957983193277311,0.6551724137931034,1001,174,36
9,optdigits,0.8588588588588588,9,False,all_class_baseline,True,0.934640522875817,0.7944444444444444,1001,180,28
0,optdigits,0.9777777777777777,0,True,fixed_capacity_incremental,False,0.967032967032967,0.9887640449438202,1001,178,282
1,optdigits,0.8537735849056604,1,True,fixed_capacity_incremental,False,0.7479338842975206,0.9945054945054945,1001,182,218
2,optdigits,0.9686609686609686,2,True,fixed_capacity_incremental,False,0.9770114942528736,0.96045197740113,1001,177,169
3,optdigits,0.9337016574585635,3,True,fixed_capacity_incremental,False,0.9441340782122905,0.9234972677595629,1001,183,130
4,optdigits,0.9389920424403183,4,False,fixed_capacity_incremental,False,0.9030612244897959,0.9779005524861878,1001,181,101
5,optdigits,0.935064935064935,5,False,fixed_capacity_incremental,False,0.8866995073891626,0.989010989010989,1001,182,78
6,optdigits,0.9720670391061452,6,False,fixed_capacity_incremental,True,0.9830508474576272,0.9613259668508287,1001,181,60
7,optdigits,0.9595375722543352,7,False,fixed_capacity_incremental,True,0.9940119760479041,0.9273743016759777,1001,179,47
8,optdigits,0.7777777777777778,8,False,fixed_capacity_incremental,True,0.9015151515151515,0.6839080459770115,1001,174,36
9,optdigits,0.8492307692307692,9,False,fixed_capacity_incremental,True,0.9517241379310345,0.7666666666666667,1001,180,28
0,optdigits,0.9695290858725761,0,True,adaptive_capacity_incremental,False,0.9562841530054644,0.9831460674157303,1001,178,282
1,optdigits,0.8436018957345972,1,True,adaptive_capacity_incremental,False,0.7416666666666667,0.978021978021978,1001,182,218
2,optdigits,0.9515669515669516,2,True,adaptive_capacity_incremental,False,0.9597701149425287,0.943502824858757,1001,177,169
3,optdigits,0.9289617486338798,3,True,adaptive_capacity_incremental,False,0.9289617486338798,0.9289617486338798,1001,183,130
4,optdigits,0.9312169312169312,4,False,adaptive_capacity_incremental,False,0.8934010152284264,0.9723756906077348,1001,181,101
5,optdigits,0.9421052631578948,5,False,adaptive_capacity_incremental,False,0.9040404040404041,0.9835164835164835,1001,182,78
6,optdigits,0.9608938547486033,6,False,adaptive_capacity_incremental,True,0.9717514124293786,0.9502762430939227,1001,181,60
7,optdigits,0.936046511627907,7,False,adaptive_capacity_incremental,True,0.9757575757575757,0.8994413407821229,1001,179,47
8,optdigits,0.7857142857142857,8,False,adaptive_capacity_incremental,True,0.9029850746268657,0.6954022988505747,1001,174,36
9,optdigits,0.8220858895705522,9,False,adaptive_capacity_incremental,True,0.9178082191780822,0.7444444444444445,1001,180,28
0,optdigits,0.9803921568627451,0,True,all_class_baseline,False,0.9776536312849162,0.9831460674157303,1002,178,282
1,optdigits,0.8668280871670703,1,True,all_class_baseline,False,0.7748917748917749,0.9835164835164835,1002,182,218
2,optdigits,0.9455587392550143,2,True,all_class_baseline,False,0.9593023255813954,0.9322033898305084,1002,177,169
3,optdigits,0.9453551912568307,3,True,all_class_baseline,False,0.9453551912568307,0.9453551912568307,1002,183,130
4,optdigits,0.9287598944591029,4,False,all_class_baseline,False,0.8888888888888888,0.9723756906077348,1002,181,101
5,optdigits,0.9602122015915119,5,False,all_class_baseline,False,0.9282051282051282,0.9945054945054945,1002,182,78
6,optdigits,0.9779005524861878,6,False,all_class_baseline,True,0.9779005524861878,0.9779005524861878,1002,181,60
7,optdigits,0.9572649572649573,7,False,all_class_baseline,True,0.9767441860465116,0.9385474860335196,1002,179,47
8,optdigits,0.821656050955414,8,False,all_class_baseline,True,0.9214285714285714,0.7413793103448276,1002,174,36
9,optdigits,0.8588957055214724,9,False,all_class_baseline,True,0.958904109589041,0.7777777777777778,1002,180,28
0,optdigits,0.9695290858725761,0,True,fixed_capacity_incremental,False,0.9562841530054644,0.9831460674157303,1002,178,282
1,optdigits,0.8598574821852731,1,True,fixed_capacity_incremental,False,0.7573221757322176,0.9945054945054945,1002,182,218
2,optdigits,0.96,2,True,fixed_capacity_incremental,False,0.9710982658959537,0.9491525423728814,1002,177,169
3,optdigits,0.9260273972602739,3,True,fixed_capacity_incremental,False,0.9285714285714286,0.9234972677595629,1002,183,130
4,optdigits,0.9459459459459459,4,False,fixed_capacity_incremental,False,0.9259259259259259,0.9668508287292817,1002,181,101
5,optdigits,0.9399477806788512,5,False,fixed_capacity_incremental,False,0.8955223880597015,0.989010989010989,1002,182,78
6,optdigits,0.9695290858725761,6,False,fixed_capacity_incremental,True,0.9722222222222222,0.9668508287292817,1002,181,60
7,optdigits,0.9387755102040817,7,False,fixed_capacity_incremental,True,0.9817073170731707,0.8994413407821229,1002,179,47
8,optdigits,0.7682119205298014,8,False,fixed_capacity_incremental,True,0.90625,0.6666666666666666,1002,174,36
9,optdigits,0.834319526627219,9,False,fixed_capacity_incremental,True,0.8924050632911392,0.7833333333333333,1002,180,28
0,optdigits,0.9668508287292817,0,True,adaptive_capacity_incremental,False,0.9510869565217391,0.9831460674157303,1002,178,282
1,optdigits,0.8379629629629629,1,True,adaptive_capacity_incremental,False,0.724,0.9945054945054945,1002,182,218
2,optdigits,0.9540229885057471,2,True,adaptive_capacity_incremental,False,0.9707602339181286,0.9378531073446328,1002,177,169
3,optdigits,0.9362880886426593,3,True,adaptive_capacity_incremental,False,0.949438202247191,0.9234972677595629,1002,183,130
4,optdigits,0.9263157894736842,4,False,adaptive_capacity_incremental,False,0.8844221105527639,0.9723756906077348,1002,181,101
5,optdigits,0.9417989417989417,5,False,adaptive_capacity_incremental,False,0.9081632653061225,0.978021978021978,1002,182,78
6,optdigits,0.9719101123595506,6,False,adaptive_capacity_incremental,True,0.9885714285714285,0.9558011049723757,1002,181,60
7,optdigits,0.9542857142857143,7,False,adaptive_capacity_incremental,True,0.9766081871345029,0.9329608938547486,1002,179,47
8,optdigits,0.7777777777777778,8,False,adaptive_capacity_incremental,True,0.9015151515151515,0.6839080459770115,1002,174,36
9,optdigits,0.8348909657320872,9,False,adaptive_capacity_incremental,True,0.950354609929078,0.7444444444444445,1002,180,28
0,optdigits,0.9915966386554622,0,True,all_class_baseline,False,0.9888268156424581,0.9943820224719101,1003,178,282
1,optdigits,0.8585131894484412,1,True,all_class_baseline,False,0.7617021276595745,0.9835164835164835,1003,182,218
2,optdigits,0.9491525423728814,2,True,all_class_baseline,False,0.9491525423728814,0.9491525423728814,1003,177,169
3,optdigits,0.9333333333333333,3,True,all_class_baseline,False,0.9491525423728814,0.9180327868852459,1003,183,130
4,optdigits,0.9186351706036745,4,False,all_class_baseline,False,0.875,0.9668508287292817,1003,181,101
5,optdigits,0.9521276595744681,5,False,all_class_baseline,False,0.9226804123711341,0.9835164835164835,1003,182,78
6,optdigits,0.9696969696969697,6,False,all_class_baseline,True,0.967032967032967,0.9723756906077348,1003,181,60
7,optdigits,0.9512893982808023,7,False,all_class_baseline,True,0.9764705882352941,0.9273743016759777,1003,179,47
8,optdigits,0.7920792079207921,8,False,all_class_baseline,True,0.9302325581395349,0.6896551724137931,1003,174,36
9,optdigits,0.8562874251497006,9,False,all_class_baseline,True,0.9285714285714286,0.7944444444444444,1003,180,28
0,optdigits,0.9776536312849162,0,True,fixed_capacity_incremental,False,0.9722222222222222,0.9831460674157303,1003,178,282
1,optdigits,0.8653846153846154,1,True,fixed_capacity_incremental,False,0.7692307692307693,0.989010989010989,1003,182,218
2,optdigits,0.952112676056338,2,True,fixed_capacity_incremental,False,0.949438202247191,0.9548022598870056,1003,177,169
3,optdigits,0.935933147632312,3,True,fixed_capacity_incremental,False,0.9545454545454546,0.9180327868852459,1003,183,130
4,optdigits,0.9210526315789473,4,False,fixed_capacity_incremental,False,0.8793969849246231,0.9668508287292817,1003,181,101
5,optdigits,0.9498680738786279,5,False,fixed_capacity_incremental,False,0.9137055837563451,0.989010989010989,1003,182,78
6,optdigits,0.9719101123595506,6,False,fixed_capacity_incremental,True,0.9885714285714285,0.9558011049723757,1003,181,60
7,optdigits,0.9510086455331412,7,False,fixed_capacity_incremental,True,0.9821428571428571,0.9217877094972067,1003,179,47
8,optdigits,0.822429906542056,8,False,fixed_capacity_incremental,True,0.8979591836734694,0.7586206896551724,1003,174,36
9,optdigits,0.8297213622291022,9,False,fixed_capacity_incremental,True,0.9370629370629371,0.7444444444444445,1003,180,28
0,optdigits,0.9695290858725761,0,True,adaptive_capacity_incremental,False,0.9562841530054644,0.9831460674157303,1003,178,282
1,optdigits,0.8333333333333334,1,True,adaptive_capacity_incremental,False,0.72,0.989010989010989,1003,182,218
2,optdigits,0.9482758620689655,2,True,adaptive_capacity_incremental,False,0.9649122807017544,0.9322033898305084,1003,177,169
3,optdigits,0.9289617486338798,3,True,adaptive_capacity_incremental,False,0.9289617486338798,0.9289617486338798,1003,183,130
4,optdigits,0.9312169312169312,4,False,adaptive_capacity_incremental,False,0.8934010152284264,0.9723756906077348,1003,181,101
5,optdigits,0.9473684210526315,5,False,adaptive_capacity_incremental,False,0.9090909090909091,0.989010989010989,1003,182,78
6,optdigits,0.9606741573033708,6,False,adaptive_capacity_incremental,True,0.9771428571428571,0.9447513812154696,1003,181,60
7,optdigits,0.9452449567723343,7,False,adaptive_capacity_incremental,True,0.9761904761904762,0.9162011173184358,1003,179,47
8,optdigits,0.78,8,False,adaptive_capacity_incremental,True,0.9285714285714286,0.6724137931034483,1003,174,36
9,optdigits,0.8220858895705522,9,False,adaptive_capacity_incremental,True,0.9178082191780822,0.7444444444444445,1003,180,28
0,optdigits,0.9752066115702479,0,True,all_class_baseline,False,0.9567567567567568,0.9943820224719101,1004,178,282
1,optdigits,0.8646080760095012,1,True,all_class_baseline,False,0.7615062761506276,1.0,1004,182,218
2,optdigits,0.9523809523809523,2,True,all_class_baseline,False,0.9444444444444444,0.96045197740113,1004,177,169
3,optdigits,0.9392265193370166,3,True,all_class_baseline,False,0.9497206703910615,0.9289617486338798,1004,183,130
4,optdigits,0.9234828496042217,4,False,all_class_baseline,False,0.8838383838383839,0.9668508287292817,1004,181,101
5,optdigits,0.9651474530831099,5,False,all_class_baseline,False,0.9424083769633508,0.989010989010989,1004,182,78
6,optdigits,0.9747899159663865,6,False,all_class_baseline,True,0.9886363636363636,0.9613259668508287,1004,181,60
7,optdigits,0.9515669515669516,7,False,all_class_baseline,True,0.9709302325581395,0.9329608938547486,1004,179,47
8,optdigits,0.8079470198675497,8,False,all_class_baseline,True,0.953125,0.7011494252873564,1004,174,36
9,optdigits,0.8571428571428571,9,False,all_class_baseline,True,0.9463087248322147,0.7833333333333333,1004,180,28
0,optdigits,0.9776536312849162,0,True,fixed_capacity_incremental,False,0.9722222222222222,0.9831460674157303,1004,178,282
1,optdigits,0.8729016786570744,1,True,fixed_capacity_incremental,False,0.774468085106383,1.0,1004,182,218
2,optdigits,0.9717514124293786,2,True,fixed_capacity_incremental,False,0.9717514124293786,0.9717514124293786,1004,177,169
3,optdigits,0.931129476584022,3,True,fixed_capacity_incremental,False,0.9388888888888889,0.9234972677595629,1004,183,130
4,optdigits,0.9565217391304348,4,False,fixed_capacity_incremental,False,0.9411764705882353,0.9723756906077348,1004,181,101
5,optdigits,0.9526315789473684,5,False,fixed_capacity_incremental,False,0.9141414141414141,0.9945054945054945,1004,182,78
6,optdigits,0.9747899159663865,6,False,fixed_capacity_incremental,True,0.9886363636363636,0.9613259668508287,1004,181,60
7,optdigits,0.9542857142857143,7,False,fixed_capacity_incremental,True,0.9766081871345029,0.9329608938547486,1004,179,47
8,optdigits,0.8385093167701864,8,False,fixed_capacity_incremental,True,0.9121621621621622,0.7758620689655172,1004,174,36
9,optdigits,0.8615384615384616,9,False,fixed_capacity_incremental,True,0.9655172413793104,0.7777777777777778,1004,180,28
0,optdigits,0.9534246575342465,0,True,adaptive_capacity_incremental,False,0.93048128342246,0.9775280898876404,1004,178,282
1,optdigits,0.8668280871670703,1,True,adaptive_capacity_incremental,False,0.7748917748917749,0.9835164835164835,1004,182,218
2,optdigits,0.9631728045325779,2,True,adaptive_capacity_incremental,False,0.9659090909090909,0.96045197740113,1004,177,169
3,optdigits,0.9230769230769231,3,True,adaptive_capacity_incremental,False,0.9281767955801105,0.9180327868852459,1004,183,130
4,optdigits,0.9358288770053476,4,False,adaptive_capacity_incremental,False,0.9067357512953368,0.9668508287292817,1004,181,101
5,optdigits,0.9375,5,False,adaptive_capacity_incremental,False,0.8910891089108911,0.989010989010989,1004,182,78
6,optdigits,0.9611111111111111,6,False,adaptive_capacity_incremental,True,0.9664804469273743,0.9558011049723757,1004,181,60
7,optdigits,0.935672514619883,7,False,adaptive_capacity_incremental,True,0.9815950920245399,0.8938547486033519,1004,179,47
8,optdigits,0.797427652733119,8,False,adaptive_capacity_incremental,True,0.9051094890510949,0.7126436781609196,1004,174,36
9,optdigits,0.823170731707317,9,False,adaptive_capacity_incremental,True,0.9121621621621622,0.75,1004,180,28
0,optdigits,0.9887005649717514,0,True,all_class_baseline,False,0.9943181818181818,0.9831460674157303,1005,178,282
1,optdigits,0.8737864077669902,1,True,all_class_baseline,False,0.782608695652174,0.989010989010989,1005,182,218
2,optdigits,0.9488636363636364,2,True,all_class_baseline,False,0.9542857142857143,0.943502824858757,1005,177,169
3,optdigits,0.9476584022038568,3,True,all_class_baseline,False,0.9555555555555556,0.9398907103825137,1005,183,130
4,optdigits,0.9361702127659575,4,False,all_class_baseline,False,0.9025641025641026,0.9723756906077348,1005,181,101
5,optdigits,0.9546666666666667,5,False,all_class_baseline,False,0.927461139896373,0.9835164835164835,1005,182,78
6,optdigits,0.9805013927576601,6,False,all_class_baseline,True,0.9887640449438202,0.9723756906077348,1005,181,60
7,optdigits,0.96,7,False,all_class_baseline,True,0.9824561403508771,0.9385474860335196,1005,179,47
8,optdigits,0.8116883116883117,8,False,all_class_baseline,True,0.9328358208955224,0.7183908045977011,1005,174,36
9,optdigits,0.8927536231884058,9,False,all_class_baseline,True,0.9333333333333333,0.8555555555555555,1005,180,28
0,optdigits,0.9832402234636871,0,True,fixed_capacity_incremental,False,0.9777777777777777,0.9887640449438202,1005,178,282
1,optdigits,0.8689320388349514,1,True,fixed_capacity_incremental,False,0.7782608695652173,0.9835164835164835,1005,182,218
2,optdigits,0.9602272727272727,2,True,fixed_capacity_incremental,False,0.9657142857142857,0.9548022598870056,1005,177,169
3,optdigits,0.9289617486338798,3,True,fixed_capacity_incremental,False,0.9289617486338798,0.9289617486338798,1005,183,130
4,optdigits,0.9358288770053476,4,False,fixed_capacity_incremental,False,0.9067357512953368,0.9668508287292817,1005,181,101
5,optdigits,0.9493333333333334,5,False,fixed_capacity_incremental,False,0.9222797927461139,0.978021978021978,1005,182,78
6,optdigits,0.9637883008356546,6,False,fixed_capacity_incremental,True,0.9719101123595506,0.9558011049723757,1005,181,60
7,optdigits,0.9575070821529745,7,False,fixed_capacity_incremental,True,0.9712643678160919,0.9441340782122905,1005,179,47
8,optdigits,0.8280254777070064,8,False,fixed_capacity_incremental,True,0.9285714285714286,0.7471264367816092,1005,174,36
9,optdigits,0.851963746223565,9,False,fixed_capacity_incremental,True,0.9337748344370861,0.7833333333333333,1005,180,28
0,optdigits,0.9720670391061452,0,True,adaptive_capacity_incremental,False,0.9666666666666667,0.9775280898876404,1005,178,282
1,optdigits,0.8428571428571429,1,True,adaptive_capacity_incremental,False,0.7436974789915967,0.9725274725274725,1005,182,218
2,optdigits,0.9572649572649573,2,True,adaptive_capacity_incremental,False,0.9655172413793104,0.9491525423728814,1005,177,169
3,optdigits,0.9395604395604396,3,True,adaptive_capacity_incremental,False,0.9447513812154696,0.9344262295081968,1005,183,130
4,optdigits,0.9312169312169312,4,False,adaptive_capacity_incremental,False,0.8934010152284264,0.9723756906077348,1005,181,101
5,optdigits,0.9572192513368984,5,False,adaptive_capacity_incremental,False,0.9322916666666666,0.9835164835164835,1005,182,78
6,optdigits,0.9613259668508287,6,False,adaptive_capacity_incremental,True,0.9613259668508287,0.9613259668508287,1005,181,60
7,optdigits,0.9479768786127167,7,False,adaptive_capacity_incremental,True,0.9820359281437125,0.9162011173184358,1005,179,47
8,optdigits,0.7834394904458599,8,False,adaptive_capacity_incremental,True,0.8785714285714286,0.7068965517241379,1005,174,36
9,optdigits,0.8379204892966361,9,False,adaptive_capacity_incremental,True,0.9319727891156463,0.7611111111111111,1005,180,28
0,optdigits,0.9915966386554622,0,True,all_class_baseline,False,0.9888268156424581,0.9943820224719101,1006,178,282
1,optdigits,0.8817733990147784,1,True,all_class_baseline,False,0.7991071428571429,0.9835164835164835,1006,182,218
2,optdigits,0.9542857142857143,2,True,all_class_baseline,False,0.9653179190751445,0.943502824858757,1006,177,169
3,optdigits,0.9303621169916435,3,True,all_class_baseline,False,0.9488636363636364,0.912568306010929,1006,183,130
4,optdigits,0.9263157894736842,4,False,all_class_baseline,False,0.8844221105527639,0.9723756906077348,1006,181,101
5,optdigits,0.9546666666666667,5,False,all_class_baseline,False,0.927461139896373,0.9835164835164835,1006,182,78
6,optdigits,0.9752066115702479,6,False,all_class_baseline,True,0.9725274725274725,0.9779005524861878,1006,181,60
7,optdigits,0.9488636363636364,7,False,all_class_baseline,True,0.9653179190751445,0.9329608938547486,1006,179,47
8,optdigits,0.8213166144200627,8,False,all_class_baseline,True,0.903448275862069,0.7528735632183908,1006,174,36
9,optdigits,0.8588588588588588,9,False,all_class_baseline,True,0.934640522875817,0.7944444444444444,1006,180,28
0,optdigits,0.9723756906077348,0,True,fixed_capacity_incremental,False,0.9565217391304348,0.9887640449438202,1006,178,282
1,optdigits,0.861244019138756,1,True,fixed_capacity_incremental,False,0.7627118644067796,0.989010989010989,1006,182,218
2,optdigits,0.96,2,True,fixed_capacity_incremental,False,0.9710982658959537,0.9491525423728814,1006,177,169
3,optdigits,0.947945205479452,3,True,fixed_capacity_incremental,False,0.9505494505494505,0.9453551912568307,1006,183,130
4,optdigits,0.954177897574124,4,False,fixed_capacity_incremental,False,0.9315789473684211,0.9779005524861878,1006,181,101
5,optdigits,0.9427083333333334,5,False,fixed_capacity_incremental,False,0.8960396039603961,0.9945054945054945,1006,182,78
6,optdigits,0.9720670391061452,6,False,fixed_capacity_incremental,True,0.9830508474576272,0.9613259668508287,1006,181,60
7,optdigits,0.9593023255813954,7,False,fixed_capacity_incremental,True,1.0,0.9217877094972067,1006,179,47
8,optdigits,0.8051948051948052,8,False,fixed_capacity_incremental,True,0.9253731343283582,0.7126436781609196,1006,174,36
9,optdigits,0.8622754491017964,9,False,fixed_capacity_incremental,True,0.935064935064935,0.8,1006,180,28
0,optdigits,0.9666666666666667,0,True,adaptive_capacity_incremental,False,0.9560439560439561,0.9775280898876404,1006,178,282
1,optdigits,0.8428571428571429,1,True,adaptive_capacity_incremental,False,0.7436974789915967,0.9725274725274725,1006,182,218
2,optdigits,0.9542857142857143,2,True,adaptive_capacity_incremental,False,0.9653179190751445,0.943502824858757,1006,177,169
3,optdigits,0.9421487603305785,3,True,adaptive_capacity_incremental,False,0.95,0.9344262295081968,1006,183,130
4,optdigits,0.938337801608579,4,False,adaptive_capacity_incremental,False,0.9114583333333334,0.9668508287292817,1006,181,101
5,optdigits,0.9448818897637795,5,False,adaptive_capacity_incremental,False,0.9045226130653267,0.989010989010989,1006,182,78
6,optdigits,0.9584487534626038,6,False,adaptive_capacity_incremental,True,0.9611111111111111,0.9558011049723757,1006,181,60
7,optdigits,0.9391304347826087,7,False,adaptive_capacity_incremental,True,0.9759036144578314,0.9050279329608939,1006,179,47
8,optdigits,0.797427652733119,8,False,adaptive_capacity_incremental,True,0.9051094890510949,0.7126436781609196,1006,174,36
9,optdigits,0.8545454545454545,9,False,adaptive_capacity_incremental,True,0.94,0.7833333333333333,1006,180,28
0,optdigits,0.9887640449438202,0,True,all_class_baseline,False,0.9887640449438202,0.9887640449438202,1007,178,282
1,optdigits,0.8530805687203792,1,True,all_class_baseline,False,0.75,0.989010989010989,1007,182,218
2,optdigits,0.9485714285714286,2,True,all_class_baseline,False,0.9595375722543352,0.9378531073446328,1007,177,169
3,optdigits,0.936986301369863,3,True,all_class_baseline,False,0.9395604395604396,0.9344262295081968,1007,183,130
4,optdigits,0.9312169312169312,4,False,all_class_baseline,False,0.8934010152284264,0.9723756906077348,1007,181,101
5,optdigits,0.9549071618037135,5,False,all_class_baseline,False,0.9230769230769231,0.989010989010989,1007,182,78
6,optdigits,0.9775280898876404,6,False,all_class_baseline,True,0.9942857142857143,0.9613259668508287,1007,181,60
7,optdigits,0.9452449567723343,7,False,all_class_baseline,True,0.9761904761904762,0.9162011173184358,1007,179,47
8,optdigits,0.7909967845659164,8,False,all_class_baseline,True,0.8978102189781022,0.7068965517241379,1007,174,36
9,optdigits,0.8614457831325302,9,False,all_class_baseline,True,0.9407894736842105,0.7944444444444444,1007,180,28
0,optdigits,0.9888888888888889,0,True,fixed_capacity_incremental,False,0.978021978021978,1.0,1007,178,282
1,optdigits,0.8516746411483254,1,True,fixed_capacity_incremental,False,0.7542372881355932,0.978021978021978,1007,182,218
2,optdigits,0.9577464788732394,2,True,fixed_capacity_incremental,False,0.9550561797752809,0.96045197740113,1007,177,169
3,optdigits,0.935933147632312,3,True,fixed_capacity_incremental,False,0.9545454545454546,0.9180327868852459,1007,183,130
4,optdigits,0.9433962264150944,4,False,fixed_capacity_incremental,False,0.9210526315789473,0.9668508287292817,1007,181,101
5,optdigits,0.9442970822281167,5,False,fixed_capacity_incremental,False,0.9128205128205128,0.978021978021978,1007,182,78
6,optdigits,0.9722222222222222,6,False,fixed_capacity_incremental,True,0.9776536312849162,0.9668508287292817,1007,181,60
7,optdigits,0.9425287356321839,7,False,fixed_capacity_incremental,True,0.9704142011834319,0.9162011173184358,1007,179,47
8,optdigits,0.7961165048543689,8,False,fixed_capacity_incremental,True,0.9111111111111111,0.7068965517241379,1007,174,36
9,optdigits,0.8664688427299704,9,False,fixed_capacity_incremental,True,0.9299363057324841,0.8111111111111111,1007,180,28
0,optdigits,0.9720670391061452,0,True,adaptive_capacity_incremental,False,0.9666666666666667,0.9775280898876404,1007,178,282
1,optdigits,0.8456057007125891,1,True,adaptive_capacity_incremental,False,0.7447698744769874,0.978021978021978,1007,182,218
2,optdigits,0.9572649572649573,2,True,adaptive_capacity_incremental,False,0.9655172413793104,0.9491525423728814,1007,177,169
3,optdigits,0.9421487603305785,3,True,adaptive_capacity_incremental,False,0.95,0.9344262295081968,1007,183,130
4,optdigits,0.9411764705882353,4,False,adaptive_capacity_incremental,False,0.9119170984455959,0.9723756906077348,1007,181,101
5,optdigits,0.9549071618037135,5,False,adaptive_capacity_incremental,False,0.9230769230769231,0.989010989010989,1007,182,78
6,optdigits,0.9584487534626038,6,False,adaptive_capacity_incremental,True,0.9611111111111111,0.9558011049723757,1007,181,60
7,optdigits,0.9510086455331412,7,False,adaptive_capacity_incremental,True,0.9821428571428571,0.9217877094972067,1007,179,47
8,optdigits,0.802547770700637,8,False,adaptive_capacity_incremental,True,0.9,0.7241379310344828,1007,174,36
9,optdigits,0.8597560975609756,9,False,adaptive_capacity_incremental,True,0.9527027027027027,0.7833333333333333,1007,180,28
0,optdigits,0.9859943977591037,0,True,all_class_baseline,False,0.9832402234636871,0.9887640449438202,1008,178,282
1,optdigits,0.861244019138756,1,True,all_class_baseline,False,0.7627118644067796,0.989010989010989,1008,182,218
2,optdigits,0.9458689458689459,2,True,all_class_baseline,False,0.9540229885057471,0.9378531073446328,1008,177,169
3,optdigits,0.9340659340659341,3,True,all_class_baseline,False,0.9392265193370166,0.9289617486338798,1008,183,130
4,optdigits,0.9312169312169312,4,False,all_class_baseline,False,0.8934010152284264,0.9723756906077348,1008,181,101
5,optdigits,0.9625668449197861,5,False,all_class_baseline,False,0.9375,0.989010989010989,1008,182,78
6,optdigits,0.969187675070028,6,False,all_class_baseline,True,0.9829545454545454,0.9558011049723757,1008,181,60
7,optdigits,0.9572649572649573,7,False,all_class_baseline,True,0.9767441860465116,0.9385474860335196,1008,179,47
8,optdigits,0.8143322475570033,8,False,all_class_baseline,True,0.9398496240601504,0.7183908045977011,1008,174,36
9,optdigits,0.8783382789317508,9,False,all_class_baseline,True,0.9426751592356688,0.8222222222222222,1008,180,28
0,optdigits,0.9860724233983287,0,True,fixed_capacity_incremental,False,0.9779005524861878,0.9943820224719101,1008,178,282
1,optdigits,0.8585131894484412,1,True,fixed_capacity_incremental,False,0.7617021276595745,0.9835164835164835,1008,182,218
2,optdigits,0.9467787114845938,2,True,fixed_capacity_incremental,False,0.9388888888888889,0.9548022598870056,1008,177,169
3,optdigits,0.9415041782729805,3,True,fixed_capacity_incremental,False,0.9602272727272727,0.9234972677595629,1008,183,130
4,optdigits,0.9336870026525199,4,False,fixed_capacity_incremental,False,0.8979591836734694,0.9723756906077348,1008,181,101
5,optdigits,0.9427083333333334,5,False,fixed_capacity_incremental,False,0.8960396039603961,0.9945054945054945,1008,182,78
6,optdigits,0.9747899159663865,6,False,fixed_capacity_incremental,True,0.9886363636363636,0.9613259668508287,1008,181,60
7,optdigits,0.9504373177842566,7,False,fixed_capacity_incremental,True,0.9939024390243902,0.9106145251396648,1008,179,47
8,optdigits,0.7712418300653595,8,False,fixed_capacity_incremental,True,0.8939393939393939,0.6781609195402298,1008,174,36
9,optdigits,0.8417910447761194,9,False,fixed_capacity_incremental,True,0.9096774193548387,0.7833333333333333,1008,180,28
0,optdigits,0.9586776859504132,0,True,adaptive_capacity_incremental,False,0.9405405405405406,0.9775280898876404,1008,178,282
1,optdigits,0.839622641509434,1,True,adaptive_capacity_incremental,False,0.7355371900826446,0.978021978021978,1008,182,218
2,optdigits,0.9485714285714286,2,True,adaptive_capacity_incremental,False,0.9595375722543352,0.9378531073446328,1008,177,169
3,optdigits,0.9344262295081968,3,True,adaptive_capacity_incremental,False,0.9344262295081968,0.9344262295081968,1008,183,130
4,optdigits,0.9336870026525199,4,False,adaptive_capacity_incremental,False,0.8979591836734694,0.9723756906077348,1008,181,101
5,optdigits,0.9427083333333334,5,False,adaptive_capacity_incremental,False,0.8960396039603961,0.9945054945054945,1008,182,78
6,optdigits,0.9526462395543176,6,False,adaptive_capacity_incremental,True,0.9606741573033708,0.9447513812154696,1008,181,60
7,optdigits,0.9387755102040817,7,False,adaptive_capacity_incremental,True,0.9817073170731707,0.8994413407821229,1008,179,47
8,optdigits,0.7722772277227723,8,False,adaptive_capacity_incremental,True,0.9069767441860465,0.6724137931034483,1008,174,36
9,optdigits,0.8246153846153846,9,False,adaptive_capacity_incremental,True,0.9241379310344827,0.7444444444444445,1008,180,28
0,optdigits,0.9859943977591037,0,True,all_class_baseline,False,0.9832402234636871,0.9887640449438202,1009,178,282
1,optdigits,0.8716707021791767,1,True,all_class_baseline,False,0.7792207792207793,0.989010989010989,1009,182,218
2,optdigits,0.9510086455331412,2,True,all_class_baseline,False,0.9705882352941176,0.9322033898305084,1009,177,169
3,optdigits,0.9344262295081968,3,True,all_class_baseline,False,0.9344262295081968,0.9344262295081968,1009,183,130
4,optdigits,0.9361702127659575,4,False,all_class_baseline,False,0.9025641025641026,0.9723756906077348,1009,181,101
5,optdigits,0.9396325459317585,5,False,all_class_baseline,False,0.8994974874371859,0.9835164835164835,1009,182,78
6,optdigits,0.9776536312849162,6,False,all_class_baseline,True,0.9887005649717514,0.9668508287292817,1009,181,60
7,optdigits,0.9431818181818182,7,False,all_class_baseline,True,0.9595375722543352,0.9273743016759777,1009,179,47
8,optdigits,0.8064516129032258,8,False,all_class_baseline,True,0.9191176470588235,0.7183908045977011,1009,174,36
9,optdigits,0.8562874251497006,9,False,all_class_baseline,True,0.9285714285714286,0.7944444444444444,1009,180,28
0,optdigits,0.9777777777777777,0,True,fixed_capacity_incremental,False,0.967032967032967,0.9887640449438202,1009,178,282
1,optdigits,0.8605200945626478,1,True,fixed_capacity_incremental,False,0.7551867219917012,1.0,1009,182,218
2,optdigits,0.9688385269121813,2,True,fixed_capacity_incremental,False,0.9715909090909091,0.9661016949152542,1009,177,169
3,optdigits,0.9473684210526315,3,True,fixed_capacity_incremental,False,0.9606741573033708,0.9344262295081968,1009,183,130
4,optdigits,0.9490616621983914,4,False,fixed_capacity_incremental,False,0.921875,0.9779005524861878,1009,181,101
5,optdigits,0.9442970822281167,5,False,fixed_capacity_incremental,False,0.9128205128205128,0.978021978021978,1009,182,78
6,optdigits,0.9662921348314607,6,False,fixed_capacity_incremental,True,0.9828571428571429,0.9502762430939227,1009,181,60
7,optdigits,0.9572649572649573,7,False,fixed_capacity_incremental,True,0.9767441860465116,0.9385474860335196,1009,179,47
8,optdigits,0.8157894736842105,8,False,fixed_capacity_incremental,True,0.9538461538461539,0.7126436781609196,1009,174,36
9,optdigits,0.875,9,False,fixed_capacity_incremental,True,0.9423076923076923,0.8166666666666667,1009,180,28
0,optdigits,0.9722222222222222,0,True,adaptive_capacity_incremental,False,0.9615384615384616,0.9831460674157303,1009,178,282
1,optdigits,0.863961813842482,1,True,adaptive_capacity_incremental,False,0.7637130801687764,0.9945054945054945,1009,182,218
2,optdigits,0.9515669515669516,2,True,adaptive_capacity_incremental,False,0.9597701149425287,0.943502824858757,1009,177,169
3,optdigits,0.9209809264305178,3,True,adaptive_capacity_incremental,False,0.9184782608695652,0.9234972677595629,1009,183,130
4,optdigits,0.9287598944591029,4,False,adaptive_capacity_incremental,False,0.8888888888888888,0.9723756906077348,1009,181,101
5,optdigits,0.9470899470899471,5,False,adaptive_capacity_incremental,False,0.9132653061224489,0.9835164835164835,1009,182,78
6,optdigits,0.9749303621169917,6,False,adaptive_capacity_incremental,True,0.9831460674157303,0.9668508287292817,1009,181,60
7,optdigits,0.9507246376811594,7,False,adaptive_capacity_incremental,True,0.9879518072289156,0.9162011173184358,1009,179,47
8,optdigits,0.792332268370607,8,False,adaptive_capacity_incremental,True,0.8920863309352518,0.7126436781609196,1009,174,36
9,optdigits,0.8173374613003096,9,False,adaptive_capacity_incremental,True,0.9230769230769231,0.7333333333333333,1009,180,28
0,optdigits,0.9725274725274725,0,True,all_class_baseline,False,0.9516129032258065,0.9943820224719101,1010,178,282
1,optdigits,0.851764705882353,1,True,all_class_baseline,False,0.7448559670781894,0.9945054945054945,1010,182,218
2,optdigits,0.9545454545454546,2,True,all_class_baseline,False,0.96,0.9491525423728814,1010,177,169
3,optdigits,0.9303621169916435,3,True,all_class_baseline,False,0.9488636363636364,0.912568306010929,1010,183,130
4,optdigits,0.9361702127659575,4,False,all_class_baseline,False,0.9025641025641026,0.9723756906077348,1010,181,101
5,optdigits,0.9451697127937336,5,False,all_class_baseline,False,0.900497512437811,0.9945054945054945,1010,182,78
6,optdigits,0.9661016949152542,6,False,all_class_baseline,True,0.9884393063583815,0.9447513812154696,1010,181,60
7,optdigits,0.9540229885057471,7,False,all_class_baseline,True,0.9822485207100592,0.9273743016759777,1010,179,47
8,optdigits,0.78,8,False,all_class_baseline,True,0.9285714285714286,0.6724137931034483,1010,174,36
9,optdigits,0.8648648648648649,9,False,all_class_baseline,True,0.9411764705882353,0.8,1010,180,28
0,optdigits,0.9915492957746479,0,True,fixed_capacity_incremental,False,0.9943502824858758,0.9887640449438202,1010,178,282
1,optdigits,0.8687350835322196,1,True,fixed_capacity_incremental,False,0.7679324894514767,1.0,1010,182,218
2,optdigits,0.9575070821529745,2,True,fixed_capacity_incremental,False,0.9602272727272727,0.9548022598870056,1010,177,169
3,optdigits,0.9366391184573003,3,True,fixed_capacity_incremental,False,0.9444444444444444,0.9289617486338798,1010,183,130
4,optdigits,0.9408602150537635,4,False,fixed_capacity_incremental,False,0.9162303664921466,0.9668508287292817,1010,181,101
5,optdigits,0.9399477806788512,5,False,fixed_capacity_incremental,False,0.8955223880597015,0.989010989010989,1010,182,78
6,optdigits,0.9777777777777777,6,False,fixed_capacity_incremental,True,0.9832402234636871,0.9723756906077348,1010,181,60
7,optdigits,0.96045197740113,7,False,fixed_capacity_incremental,True,0.9714285714285714,0.9497206703910615,1010,179,47
8,optdigits,0.8246753246753247,8,False,fixed_capacity_incremental,True,0.9477611940298507,0.7298850574712644,1010,174,36
9,optdigits,0.8501529051987767,9,False,fixed_capacity_incremental,True,0.9455782312925171,0.7722222222222223,1010,180,28
0,optdigits,0.96398891966759,0,True,adaptive_capacity_incremental,False,0.9508196721311475,0.9775280898876404,1010,178,282
1,optdigits,0.8557692307692307,1,True,adaptive_capacity_incremental,False,0.7606837606837606,0.978021978021978,1010,182,218
2,optdigits,0.9542857142857143,2,True,adaptive_capacity_incremental,False,0.9653179190751445,0.943502824858757,1010,177,169
3,optdigits,0.945054945054945,3,True,adaptive_capacity_incremental,False,0.9502762430939227,0.9398907103825137,1010,183,130
4,optdigits,0.9259259259259259,4,False,adaptive_capacity_incremental,False,0.8883248730964467,0.9668508287292817,1010,181,101
5,optdigits,0.9473684210526315,5,False,adaptive_capacity_incremental,False,0.9090909090909091,0.989010989010989,1010,182,78
6,optdigits,0.9526462395543176,6,False,adaptive_capacity_incremental,True,0.9606741573033708,0.9447513812154696,1010,181,60
7,optdigits,0.953757225433526,7,False,adaptive_capacity_incremental,True,0.9880239520958084,0.9217877094972067,1010,179,47
8,optdigits,0.7949526813880127,8,False,adaptive_capacity_incremental,True,0.8811188811188811,0.7241379310344828,1010,174,36
9,optdigits,0.8235294117647058,9,False,adaptive_capacity_incremental,True,0.9300699300699301,0.7388888888888889,1010,180,28
