attempts_observed,checkpoint_sha256,dataset,method,seed,status
1,90e5e68f976685ad3641a164a07d1e629ef6703a8385a9c2b33a7c4d71bff2bf,dry_bean,all_class_baseline,1001,verified
1,e5b9423f9c66efdbbe9c9e68312dfee9bd2578ecbe0cabd44ab897ea8158a865,dry_bean,fixed_capacity_incremental,1001,verified
1,cd9245378f38a23ff711c435e5a7622e8fe760f9419b8fb3dda78d96b5e1cf76,dry_bean,adaptive_capacity_incremental,1001,verified
1,9e11d892a5f01d953dd588260947d453e6651f1283f19f01d9eea48a7ee0ec43,dry_bean,all_class_baseline,1002,verified
1,3f78812cee249fc26f4d574bd6636b24881a568e5ce42202491daa26fbe33699,dry_bean,fixed_capacity_incremental,1002,verified
1,dba814a818a5d119800d1478cdb5cd02047d7d73e2214858a51c0a59ed937377,dry_bean,adaptive_capacity_incremental,1002,verified
1,888449de4e9ccc5575faa28538e63bdf3c855db6269e0eeed512b0881f84341f,dry_bean,all_class_baseline,1003,verified
1,3265f033f6b492f11d618232296499806549b398c4947c6b394caf524aaa8711,dry_bean,fixed_capacity_incremental,1003,verified
1,66e021280407ae56b777d3614e59d4f6c888067d70c2dc1aec40dea185aaec7a,dry_bean,adaptive_capacity_incremental,1003,verified
1,5355bdbea32508574639682c4d3308fcfcabf8ea51f4e78f3b2a5d00e4038fbf,dry_bean,all_class_baseline,1004,verified
1,9781aa2812e5f3a86dafa29fa904f1e41552185c94f0281b5e888dac9696ad84,dry_bean,fixed_capacity_incremental,1004,verified
1,076707e7b833ae0a334b125e96d1be9bc6116ab54f9670f681fff691063ed2c3,dry_bean,adaptive_capacity_incremental,1004,verified
1,b6d21be00dbe48710522197c754abd8bf198251f2d7164cfe89639dbb84329c2,dry_bean,all_class_baseline,1005,verified
1,ff56ac1023d699a907dd882bed1027100d82ebb0c071f130a5bc89e4833b1cfa,dry_bean,fixed_capacity_incremental,1005,verified
1,098485aa68fec73fed7c31c4f847ef7ccadec751a6aef2c75bea943482ab1fe8,dry_bean,adaptive_capacity_incremental,1005,verified
1,09a4e6199d5e944e59f3a596313aef07bd383233f85c845afd51ba2a9b0c9ad9,dry_bean,all_class_baseline,1006,verified
1,330dcdc37d0ef8d1e63b268fd6efa02eaab6fe665c784b6d85635ca334f0f406,dry_bean,fixed_capacity_incremental,1006,verified
1,614683792559bf7d03276a3db328898de01c1bc4977ab6cce4e5d147a6502026,dry_bean,adaptive_capacity_incremental,1006,verified
1,857dc88effa951a6b6f76691cdc6f8bcdc47b6e134aa5df445db395b524342e1,dry_bean,all_class_baseline,1007,verified
1,dc85fd481bdf85f77af7823a49353f1d32fb67af7217ffec5b2add694c92b083,dry_bean,fixed_capacity_incremental,1007,verified
1,ad0939f6c0955526bdacc93f6bdb5abf5ee095b13face36d2d3b2402e65d8aa6,dry_bean,adaptive_capacity_incremental,1007,verified
1,65c46255045d58cb4b1eac8d67fa1289b9804a4a63d8e4e059b829accd5a672c,dry_bean,all_class_baseline,1008,verified
1,26376ace7beac07b0fec997d58018becf794b8cb80e742fe21727f1b114ba742,dry_bean,fixed_capacity_incremental,1008,verified
1,6b0e507367671f71d49b9642d8c6293795b2d69ec8a3d32d174ec7ca39c33b47,dry_bean,adaptive_capacity_incremental,1008,verified
1,007fda391cd7c83f163254b36c5078dcf1884b4c711ec379218ce7f90074dc18,dry_bean,all_class_baseline,1009,verified
1,a4109f375d3b1c9705dcf321b2f45a1a82248f1b7dfd4f332347832c82fd8b4c,dry_bean,fixed_capacity_incremental,1009,verified
1,377cd0fb0e28e44ade8dc34dc555728e98fc08a212434a4aa284f70efd198571,dry_bean,adaptive_capacity_incremental,1009,verified
1,c57425234f25b202146788c4aedd7a88453608b8495e1be1171119fc32b3b649,dry_bean,all_class_baseline,1010,verified
1,4082494a250d9b149a09de6aabb50b607a616e59d9f29299d3fa855be2e77007,dry_bean,fixed_capacity_incremental,1010,verified
1,75f3be45abeb772f7e4e9ccb624f5fc457e061c27814dd479115ba3e1b54363f,dry_bean,adaptive_capacity_incremental,1010,verified
1,a9282e97db8477e15fa5b6705b365d29bbaaee44f0cca6c4ba027b9ff4eb1a65,landsat,all_class_baseline,1001,verified
1,f128084d82c0cddf8d80f6dc1f3489c6034746d21e968e145a21765082c6545b,landsat,fixed_capacity_incremental,1001,verified
1,103daf54a69522265464feca8208e798dd4636fbc837ec4c1483964fde46b863,landsat,adaptive_capacity_incremental,1001,verified
1,daed3a441a7f7691b2de1dee6c6deb3138fc1b8beeff7cebf619cef282f27f2d,landsat,all_class_baseline,1002,verified
1,8a968e3684a7d14cf36a2f6e06879f47ca26a1ff4d605c84207089accd3b3c30,landsat,fixed_capacity_incremental,1002,verified
1,a601fef09cc41005a01c84ad7e5cc06474ddb4aa892c9396e985bfe26574ab7c,landsat,adaptive_capacity_incremental,1002,verified
1,ddf96dadceaecd2d13c99312279c68128f484346ba305e3fed553b9b84d87da8,landsat,all_class_baseline,1003,verified
1,e4c874f4f44b5e9fb486dfe8731d87c06bf53ab55b95cfdccbd173d8ab7b71f5,landsat,fixed_capacity_incremental,1003,verified
1,3b92ca5527a1309cda4ee2972993ac7f43fdd426568f556dffe7872059184615,landsat,adaptive_capacity_incremental,1003,verified
1,a813dc822ce827e912c5a709449c57610b7ec34e6fdbda36100ec6af69fe7334,landsat,all_class_baseline,1004,verified
1,69f273dfaf781cdc8fabb5ec7eaba90199341be889f77d561d76a34d22940f0a,landsat,fixed_capacity_incremental,1004,verified
1,e38228c22194f6a18cb830a7b01988479ea7135a45af4cc7edb44de73086a991,landsat,adaptive_capacity_incremental,1004,verified
1,142bc476cfe73bc909e516e2f853073d6de18d309e3c43c37cfb81c7edc7080f,landsat,all_class_baseline,1005,verified
1,d0c0b3d14b74241b28ae7c4b5c8b0f54cdabec7637e62c38546c04c299586c7d,landsat,fixed_capacity_incremental,1005,verified
1,7d7a85bbe69e60e7bd84478ff0e72e6803918d519b8358bf8b892bc2c0747a6b,landsat,adaptive_capacity_incremental,1005,verified
1,aa1923812bd8eabc07574836f057bda0a514d630e915b4bf8ee58bcd6067c3ba,landsat,all_class_baseline,1006,verified
1,e632a6edceaa42a324abb8652c68ba2b4fbdb6ac6e9563dc2b63e839665fab4d,landsat,fixed_capacity_incremental,1006,verified
1,f7588f8111be10429ebacc0c7a3d705e8cc47aaa2d2f0906d6da08356f9357c6,landsat,adaptive_capacity_incremental,1006,verified
1,ac57bd240992ce8bb9731f50c310542a09f1ca32d7b35e00d3b8a73425d5fa67,landsat,all_class_baseline,1007,verified
1,98a6302707d7bea801e32236653c69f14efe8cea7f0df5ecb76eb00f52910761,landsat,fixed_capacity_incremental,1007,verified
1,ed7c42ca8115b66fc930277f2ef6ecd9c12dc29f71aca30c0ba20fca2a5793b2,landsat,adaptive_capacity_incremental,1007,verified
1,a67ab1656de2c7f0633d868aa5ab804d57d68a36440bfc32a6b50f97712e9d3c,landsat,all_class_baseline,1008,verified
1,ceeffeb6abfa420a644a2d84c73d099660664099ba869437c120fda46075cf3c,landsat,fixed_capacity_incremental,1008,verified
1,1ea0baa0dd329dd697c34ea73d23fa3ada44790c3cfa3c590eb1b981d1518bea,landsat,adaptive_capacity_incremental,1008,verified
1,c8bf1177742dfedf81ddc516b1a1ac5bf5e5d9f63b7fadf787d6acca6415d356,landsat,all_class_baseline,1009,verified
1,c7dfc22bd9ae551f7bf96699fd04318c8daef6ffc890662b83c9ab8030401af7,landsat,fixed_capacity_incremental,1009,verified
1,17aa8348b2f14aab7a1d519d197053262dc111d1b41264118f0e40267d5eff3a,landsat,adaptive_capacity_incremental,1009,verified
1,42a071054bedcaa213b2a0c0974a9d5b92965743581212aa76aa8cf3727d67be,landsat,all_class_baseline,1010,verified
1,af991943e42715b549a43723f9f4fe7a1736b1e2b5474c1de97d6e9c5a9a8eee,landsat,fixed_capacity_incremental,1010,verified
1,bd8689710dfea1e821a2982ec134c98731dc2e0bed070a7ffccdd7aaf6f3f4f4,landsat,adaptive_capacity_incremental,1010,verified
1,b1c72732e823fb7a28412b38697730487d01e914ef533cb76df5752c9373868e,optdigits,all_class_baseline,1001,verified
1,895e00df56a49c9965526bede00745f73191f30314f622eb5e9e99e0d10c3c9a,optdigits,fixed_capacity_incremental,1001,verified
1,eac2ea168542203c3a82303d55d961f0bcc0fe6377d0840937aed3c939e5abbb,optdigits,adaptive_capacity_incremental,1001,verified
1,78d100b6c2087d8c02a286894194632a4837dea9ae906d15621026993b7c25f1,optdigits,all_class_baseline,1002,verified
1,629ddffb51a5c34505738600e50e720c158a7cb7656ce82ed03653f1483ddd79,optdigits,fixed_capacity_incremental,1002,verified
1,7c9db011573cbf824ba6a781710bb124b26a5d74408604f3debab391694a0425,optdigits,adaptive_capacity_incremental,1002,verified
1,25fa86a255a57705f471e78add5d00645617ee5aba6354c7ebc11d5b5fdc67dd,optdigits,all_class_baseline,1003,verified
1,2d22c249b5ca943803e542d8d35b5e26309f950823b6a5a4f94bbafa9b5b1d9e,optdigits,fixed_capacity_incremental,1003,verified
1,51f2db6a256fbe61ef594f22effa2c37a5e358f291a8cd2f3bfef830284f4182,optdigits,adaptive_capacity_incremental,1003,verified
1,ce701888a0763f210987b6a90830a656e91306777794e396bec481ff3e88dfb8,optdigits,all_class_baseline,1004,verified
1,da5559310fe5d44ac4f6ae486a704030fabee95d1a233647b147cf7ab991eb5d,optdigits,fixed_capacity_incremental,1004,verified
1,e3f06bca7426759d3d7082a39a9a6f07a43f0e7ba10ec2cc1bfa9fce920b0abd,optdigits,adaptive_capacity_incremental,1004,verified
1,49e3b41dc11a5530bfd7da4de462d9a54bbf61ea24abe5844ac81725c7410a9f,optdigits,all_class_baseline,1005,verified
1,9023350561f664a551ded9f0605e17b329d9895da05ba94368c9e3d1572c2c24,optdigits,fixed_capacity_incremental,1005,verified
1,0daa60b9e0d97ea926d766459d91a9c38c2276470d375473f1e39f43c801f281,optdigits,adaptive_capacity_incremental,1005,verified
1,136fe877689bada4f25a2c762e3703d7ba3da369c6d129e8a42e6badfb31ec05,optdigits,all_class_baseline,1006,verified
1,efc08ded75874cfc5aee068bd2184ce95fe6aee0346d3af0b0de4b723314a1a4,optdigits,fixed_capacity_incremental,1006,verified
1,0944316eae8afbe7575cccaf8facac09bb3b6c6d3176cd3753cb09aa79dff50d,optdigits,adaptive_capacity_incremental,1006,verified
1,0d230f9f94855ee3e256413e044b1a75facb18f07508f985cff897a26930f392,optdigits,all_class_baseline,1007,verified
1,76a659c788c2c8de5278751386aec432daac44b8ec112b2424af4e2f65847b3c,optdigits,fixed_capacity_incremental,1007,verified
1,f1c7146e5db979336457ba4728b57f281a009b95ee94606fc5a8c0fc550c383c,optdigits,adaptive_capacity_incremental,1007,verified
1,09d0017df0651feb6883e8c0574684e3c1bff492f892c124fc6cb71f0de8267a,optdigits,all_class_baseline,1008,verified
1,ccbd0b6f2d2f37559853d951df038f85bd1cd8724d04c56b029c384d6b9b4e98,optdigits,fixed_capacity_incremental,1008,verified
1,73c96c957a89a1b790eb30e172f2b22a6af9e02c80b1caea96bdc114905f3bb7,optdigits,adaptive_capacity_incremental,1008,verified
1,d8ccf04d8536e324a3f3ea086eae8f97ea95c84d21d84c7aec55897b08fadae3,optdigits,all_class_baseline,1009,verified
1,818eb8a3d1581aef48effa1c468e0d9c3eb1ff4e8169ba5e5ac57420775699bf,optdigits,fixed_capacity_incremental,1009,verified
1,44c8e79e88c221c37f4ba8933c41cd9f4b2f31ebff0795337373498a5d339f7f,optdigits,adaptive_capacity_incremental,1009,verified
1,311d55f6b61e7bffa155b6652ad67aba265fe45568c6b1e8e8dec76240997bfb,optdigits,all_class_baseline,1010,verified
1,5335ec14249247f831ddfb153e4fd5087997a7b047a8e5a98d51488cf53d7aa7,optdigits,fixed_capacity_incremental,1010,verified
1,883508be92bc0f35db1e95edf240c4680883e107be381b524427bdfa86681295,optdigits,adaptive_capacity_incremental,1010,verified
