accuracy,balanced_accuracy,cross_entropy,dataset,gradient_updates,hidden_units,macro_f1,macro_precision,majority_recall,method,minority_recall,parameters,runtime_seconds,seed,training_epochs,training_example_presentations,validation_forgetting
0.923218899963086,0.9351534628267003,0.2149776887799221,dry_bean,768,16,0.9341457483105051,0.9340113912458083,0.9080201803230711,all_class_baseline,0.9532160358066134,503,1.9786189970000123,1001,12,97500,
0.9239571797711332,0.9364448976922317,0.20107851838635987,dry_bean,3668,16,0.9357568182022141,0.9356265019811154,0.9115858913243878,fixed_capacity_incremental,0.9571439595632211,503,7.075599617000023,1001,97,464643,0.03140035689782878
0.9258028792912514,0.9367402393797901,0.21673118144345377,dry_bean,7534,4,0.9367232758991147,0.9368722346772886,0.9146007880945444,adaptive_capacity_incremental,0.9539221360496971,215,5.462744471000008,1001,183,954051,0.02976761244651024
0.9280177187153932,0.9388056485171139,0.2010696644867983,dry_bean,1280,16,0.9392156713298982,0.9400483976979964,0.9168414348360687,all_class_baseline,0.9591889493382721,503,2.2820774870000378,1002,20,162500,
0.9294942783314877,0.9417153089563758,0.20447873910612865,dry_bean,5225,16,0.9410597383312685,0.9406441322404634,0.9206895954049585,fixed_capacity_incremental,0.9612339391133232,503,9.92810958199999,1002,126,662741,0.026510336946769582
0.9254337393872277,0.9368394930807161,0.2156961100897974,dry_bean,7485,4,0.9362853065899682,0.936301624044235,0.9142352090281273,adaptive_capacity_incremental,0.9554153644326119,215,5.379985025999986,1002,182,948321,0.030705593036046
0.923218899963086,0.9353313731198625,0.20812634472641123,dry_bean,1280,16,0.9356706604543706,0.9363773627589148,0.9128247717925843,all_class_baseline,0.9550989697881699,503,2.2874831299999983,1003,20,162500,
0.9258028792912514,0.9388914004938801,0.20276375798107987,dry_bean,4652,16,0.9377768890045636,0.9369068008482957,0.9126701652513448,fixed_capacity_incremental,0.9599760774781032,503,8.896249216000001,1003,125,587953,0.026234528191626083
0.9280177187153932,0.9392893150153583,0.21145050009838987,dry_bean,7460,3,0.9385059385910391,0.9378966983996934,0.9174986549136427,adaptive_capacity_incremental,0.9551799976849172,191,5.154736155000023,1003,181,945003,0.028992163212176174
0.9280177187153932,0.9398661876704593,0.1998971616112271,dry_bean,896,16,0.9394822068932905,0.9391571548928789,0.918293531306349,all_class_baseline,0.9602114442257977,503,1.6266132260000177,1004,14,113750,
0.9258028792912514,0.9386859627915215,0.20891546792835616,dry_bean,3888,16,0.9374733543774706,0.9368412172427022,0.9123807677170941,fixed_capacity_incremental,0.9606821777211869,503,7.24432729800003,1004,97,492685,0.028376579262094755
0.9221114802510151,0.935663546565295,0.22194396966435936,dry_bean,7685,4,0.9340236229335243,0.9328391032802961,0.9120885048607223,adaptive_capacity_incremental,0.9539221360496971,215,5.450900065999974,1004,180,973529,0.025699673062602537
0.9283868586194167,0.9392426801160989,0.2011916266331995,dry_bean,1600,16,0.939599060819701,0.9401065540417807,0.9154887962455245,all_class_baseline,0.9543928695450862,503,2.939779408999982,1005,25,203125,
0.9250645994832042,0.9387836105936606,0.20749434985287196,dry_bean,4212,16,0.9366997804592838,0.935105496756153,0.9140383214069354,fixed_capacity_incremental,0.957460354207663,503,7.971874682000021,1005,111,533921,0.02874307961634578
0.9287559985234404,0.9401961521600619,0.21136937344455323,dry_bean,7450,4,0.9393473517609563,0.9386506211285697,0.9179949423285146,adaptive_capacity_incremental,0.9576957209553575,215,5.3433723499999815,1005,179,943621,0.029788709167587184
0.923218899963086,0.9372618195667437,0.21017624772818427,dry_bean,832,16,0.9360191973571691,0.934946887878197,0.9125155587101054,all_class_baseline,0.9617046726087124,503,1.5446680029999698,1006,13,105625,
0.9221114802510151,0.9351971139670602,0.20302640235164163,dry_bean,4183,16,0.9335551045767891,0.9323625708577241,0.9129187143667036,fixed_capacity_incremental,0.9528996411621716,503,7.95252842900004,1006,106,530271,0.026956132577017917
0.9239571797711332,0.9362942370258782,0.21938416778495307,dry_bean,7345,4,0.9354281779260134,0.9349112701498462,0.9152433014229177,adaptive_capacity_incremental,0.9531350079098662,215,5.319652219000034,1006,178,929803,0.02577962154296149
0.9276485788113695,0.9383407234689246,0.20380818710883142,dry_bean,1408,16,0.938717953370718,0.93961786402407,0.9163712890908876,all_class_baseline,0.9558860979280009,503,2.585188432999985,1007,22,178750,
0.9280177187153932,0.9400995628666707,0.19740133099957005,dry_bean,3836,16,0.9392544155543165,0.9387345772475414,0.9187920621981274,fixed_capacity_incremental,0.9566732260678319,503,7.292606863000003,1007,108,484864,0.028127372911581867
0.9239571797711332,0.9362015382375157,0.21937522710970409,dry_bean,7275,3,0.9354093993144005,0.9350416265658753,0.9110634622398249,adaptive_capacity_incremental,0.9562024925724427,191,4.927634948000048,1007,182,920805,0.03164973160588266
0.9280177187153932,0.9383311376585716,0.19752678398378687,dry_bean,1344,16,0.9389373041303859,0.9396221854666776,0.9167107264876139,all_class_baseline,0.9546282362927808,503,2.427469460999987,1008,21,170625,
0.9250645994832042,0.9376125621538106,0.2041081536683592,dry_bean,3999,16,0.9367668692548403,0.936342021356463,0.9143383430458304,fixed_capacity_incremental,0.9580121155997995,503,7.48389449900003,1008,104,506533,0.030428133021428407
0.9272794389073459,0.9396519678076528,0.21586328176221278,dry_bean,7463,4,0.9381568538160867,0.9371354874911992,0.9206712125177908,adaptive_capacity_incremental,0.9564378593201374,215,5.273205784000027,1008,186,945119,0.023810498398105038
0.923218899963086,0.9345921614317911,0.20364750938246556,dry_bean,896,16,0.934538642543813,0.9349554123352546,0.9125931729033324,all_class_baseline,0.9536057414052553,503,1.6285869890000413,1009,14,113750,
0.9250645994832042,0.9377572991226041,0.20077521269280796,dry_bean,3944,16,0.9366160608693715,0.9358203394625602,0.9139874707286141,fixed_capacity_incremental,0.9569085928155264,503,7.416436492999992,1009,103,499775,0.02877361492511215
0.9258028792912514,0.9377545827022156,0.21191979477199163,dry_bean,7605,3,0.9373256070729846,0.9370761404656092,0.9149686106378678,adaptive_capacity_incremental,0.959505343982714,191,5.082909128999972,1009,180,963243,0.02920905186749978
0.926172019195275,0.9345807006116775,0.2067215276804678,dry_bean,1216,16,0.9357162733099059,0.9383247253746078,0.9159419917645985,all_class_baseline,0.94574989389204,503,2.1703970219999746,1010,19,154375,
0.9283868586194167,0.9396494784570999,0.20090490651790652,dry_bean,4471,16,0.9397995657715094,0.9399923635354914,0.9159497505471217,fixed_capacity_incremental,0.9566732260678319,503,8.479150807999986,1010,123,565046,0.026866691579849746
0.9228497600590624,0.9345487258421198,0.22051594909402653,dry_bean,7373,4,0.9338302960216973,0.9339322718318891,0.9087811562635633,adaptive_capacity_incremental,0.9546282362927808,215,5.284703227999955,1010,174,933627,0.032862926778597146
0.8825,0.8630472224039231,0.305617951203956,landsat,442,16,0.865509034779505,0.8688818992564262,0.9211519822771957,all_class_baseline,0.7286679864818926,910,0.8524296699999923,1001,17,56542,
0.892,0.8829975501310181,0.2985566152598402,landsat,1798,16,0.8800935441041656,0.8786454448065295,0.8924285780218766,fixed_capacity_incremental,0.7961185434039234,910,3.7242379589999928,1001,122,225168,0.08999021984096613
0.8875,0.8670262243501877,0.3135536051929989,landsat,4528,10,0.8698649964587893,0.8744101166963504,0.9211519822771957,adaptive_capacity_incremental,0.7257783910252564,652,5.713859130000003,1001,275,568941,0.08117877492877494
0.8865,0.8725794247367168,0.29215532458096594,landsat,676,16,0.8718256058553949,0.871213640447738,0.9211935200996908,all_class_baseline,0.7666126742256084,910,1.333914937999964,1002,26,86476,
0.8895,0.8753634069511924,0.29443937984134994,landsat,2182,16,0.8750758577672442,0.8750166153236011,0.9073014261319057,fixed_capacity_incremental,0.7668726378307037,910,4.485505458999967,1002,138,273823,0.08370726495726494
0.8805,0.8653251403875024,0.3127778793068346,landsat,4616,11,0.8658533412962116,0.867103514505331,0.9083860248303872,adaptive_capacity_incremental,0.7460355550222969,695,5.8337016859999835,1002,280,582672,0.08452635327635327
0.877,0.8572989389622969,0.31222444113255565,landsat,1066,16,0.8607046794706043,0.8661005068342366,0.9126828818018184,all_class_baseline,0.7091307216989622,910,2.0590377640000384,1003,41,136366,
0.887,0.8703263356615474,0.2949822915636313,landsat,1694,16,0.8705849890191854,0.8712518074801703,0.9115567452808419,fixed_capacity_incremental,0.7500249965004899,910,3.526708149000001,1003,119,211672,0.0993411680911681
0.887,0.8684789872371113,0.30321931704515886,landsat,4602,10,0.8716863346917765,0.8767846148556288,0.9126205750680759,adaptive_capacity_incremental,0.7415861779350891,652,5.725764002000005,1003,280,580159,0.07316196793808737
0.8905,0.8727787147576948,0.2956716107164169,landsat,1040,16,0.8747307290494079,0.8782676588619678,0.9178774172705035,all_class_baseline,0.7418461415401844,910,2.0377213319999896,1004,40,133040,
0.883,0.8713876429067073,0.2906851929956819,landsat,1574,16,0.8699464358036711,0.8686551111130144,0.904047630036461,fixed_capacity_incremental,0.7758313836062951,910,3.3696549940000295,1004,112,197608,0.10137108262108262
0.8835,0.8709701875275963,0.29175214449651404,landsat,4598,10,0.8693781294224333,0.8682500330483273,0.9083444870078922,adaptive_capacity_incremental,0.7702821604975303,652,5.627426163999985,1004,282,578615,0.08046652421652421
0.8865,0.8651593234018725,0.2962132895503922,landsat,754,16,0.867121326827626,0.8718739530345072,0.9190866294364702,all_class_baseline,0.7152598636190933,910,1.446294273000035,1005,29,96454,
0.884,0.8693190560947288,0.28738015488431523,landsat,2218,16,0.8687185855261131,0.8682389991253342,0.9105136844048554,fixed_capacity_incremental,0.7616133741276221,910,4.484442308000041,1005,133,279603,0.08901353276353274
0.8855,0.8676638501507066,0.3093819103431264,landsat,4824,7,0.8689749518586446,0.8711306760611089,0.915853602252273,adaptive_capacity_incremental,0.740546323514708,523,5.5724982720000185,1005,314,605966,0.0775997150997151
0.862,0.8394880282109725,0.36414389012760545,landsat,312,16,0.8410557664103471,0.8431253510990739,0.9095329302626114,all_class_baseline,0.6886135940968264,910,0.6315474400000198,1006,12,39912,
0.887,0.8739307775594111,0.3003171730524198,landsat,1738,16,0.8732333972514353,0.8734975322579542,0.902086121751973,fixed_capacity_incremental,0.770022196892435,910,3.668652554999994,1006,117,218599,0.0901682825190288
0.883,0.8732720808780287,0.2905662299487218,landsat,4368,9,0.869626572480456,0.8667961932247646,0.8987700189227859,adaptive_capacity_incremental,0.7845301657767912,609,5.217136414000038,1006,266,551798,0.07795584045584047
0.8835,0.867797445373694,0.3096989731772946,landsat,1144,16,0.8675213372907334,0.8674190459767136,0.9115567452808419,all_class_baseline,0.749995000699902,910,2.250313542000015,1007,44,146344,
0.878,0.8604207437345076,0.3047458965418893,landsat,1964,16,0.8620743933174412,0.8646782648512895,0.9211727511884432,fixed_capacity_incremental,0.7288979542863998,910,4.122956013000021,1007,127,246957,0.09431980056980055
0.887,0.8694517837397847,0.30659591047401363,landsat,4620,12,0.8717184586260203,0.8747645148897526,0.9179604929154936,adaptive_capacity_incremental,0.7371068050472933,738,6.10035290999997,1007,284,581738,0.07507122507122509
0.8895,0.8761305228697701,0.3040111756642564,landsat,520,16,0.8740010032191085,0.8725545920159911,0.9127036507130659,all_class_baseline,0.7719019337292778,910,1.0120222059999833,1008,20,66520,
0.8885,0.8713674543597348,0.2969762572343094,landsat,2378,16,0.8746214824885475,0.878929686720079,0.9115775141920894,fixed_capacity_incremental,0.742366068750375,910,4.889304435999975,1008,147,301495,0.07813390313390316
0.886,0.8682680536918218,0.3165089124890652,landsat,4626,11,0.8711445605167754,0.8753487777959373,0.9073221950431531,adaptive_capacity_incremental,0.7357769912212291,695,5.853849748000016,1008,281,584054,0.0823717948717949
0.884,0.870152879732474,0.30128559310787295,landsat,1222,16,0.8688943102970228,0.8684987690541915,0.8966423593483177,all_class_baseline,0.7616133741276221,910,2.400005044000011,1009,47,156322,
0.89,0.8803177880646705,0.29655077368100174,landsat,1946,16,0.8779258462664354,0.8763265174246522,0.8988738634790234,fixed_capacity_incremental,0.7929689843421921,910,4.077570638999987,1009,131,245886,0.08701790194327508
0.8825,0.864542790058195,0.298316732675528,landsat,4454,11,0.8655102953273431,0.8670295731044787,0.9190243227027277,adaptive_capacity_incremental,0.7320775091487192,695,5.8175335660000655,1009,259,562266,0.08060897435897435
0.879,0.8611059251908855,0.31847138417859666,landsat,884,16,0.8635710821377954,0.8678139513246989,0.9084067937416347,all_class_baseline,0.722308876757254,910,1.6989072449999867,1010,34,113084,
0.8875,0.8722276313431072,0.2924453110715983,landsat,1582,16,0.8726733067503764,0.8732726493234689,0.9242603959939077,fixed_capacity_incremental,0.7634631151638771,910,3.273241836000011,1010,106,198603,0.07049501424501425
0.891,0.8758240330770914,0.2987010383803378,landsat,4676,11,0.8761459977207545,0.8769094063323446,0.9148313102875341,adaptive_capacity_incremental,0.7645029695842582,695,5.980315411999982,1010,291,588899,0.0864494301994302
0.9159710628825821,0.9149572574481246,0.31677595074739084,optdigits,252,16,0.9144129008476911,0.9256203952203024,0.9638329749190756,all_class_baseline,0.834594714266168,1850,0.5789571469999828,1001,28,32172,
0.9181969949916527,0.9173405307277671,0.34500503822294337,optdigits,984,16,0.9166584124677251,0.9256175268626328,0.9668046961525019,fixed_capacity_incremental,0.8348187452926211,1850,2.777503523000064,1001,225,118582,0.03660247418832232
0.9087367835281024,0.9079089120225629,0.30013270664152153,optdigits,1152,0,0.907172241784418,0.9152426384509272,0.9584081547325863,adaptive_capacity_incremental,0.8223910817927662,650,1.6434606819999544,1001,272,135687,0.03971719473337877
0.9254312743461325,0.9246707443775095,0.2601889959297493,optdigits,252,16,0.9242823536820307,0.9309274359659245,0.9610552830048882,all_class_baseline,0.8589012816605782,1850,0.5798004829999854,1002,28,32172,
0.9131886477462438,0.9122455359305344,0.3866839572997935,optdigits,888,16,0.9112143735176599,0.9187308939777225,0.9625753430134173,fixed_capacity_incremental,0.8290730423778512,1850,2.5613025250000874,1002,214,104005,0.04493671905965835
0.9115191986644408,0.9106514094903713,0.36460247027923565,optdigits,976,1,0.9102104170268408,0.9204920145696107,0.9597504842563551,adaptive_capacity_incremental,0.8292786223121451,725,1.519241682000029,1002,227,117168,0.043927042807171454
0.9187534780189204,0.9179300756634236,0.2867182753542423,optdigits,450,16,0.9172711535036525,0.9248821982398153,0.9612709588116303,all_class_baseline,0.8459624022854875,1850,1.0160593499999777,1003,50,57450,
0.9187534780189204,0.9181507869508441,0.37695869648580826,optdigits,839,16,0.9177074802479608,0.9244275623377296,0.9612480257997428,fixed_capacity_incremental,0.8451634871422998,1850,2.4481117180000638,1003,209,100259,0.03968315516252795
0.9081803005008348,0.9072519610591631,0.3092887552241904,optdigits,1133,0,0.9066690385824574,0.9172363087743278,0.958330548722777,adaptive_capacity_incremental,0.8194526840204496,650,1.650605273999986,1003,270,134737,0.04079153005622195
0.9226488592097941,0.9218427185573457,0.2888032630251781,optdigits,207,16,0.9211499206528796,0.9297675229571343,0.97094893712673,all_class_baseline,0.8446924048315667,1850,0.473872101999973,1004,23,26427,
0.9298831385642737,0.9293202640166773,0.2878427858632197,optdigits,925,16,0.9291712925593945,0.935557244768886,0.9695986869011679,fixed_capacity_incremental,0.861981676862218,1850,2.644085753000013,1004,222,108285,0.03651543313207346
0.9115191986644408,0.9107690687167418,0.3397027836366203,optdigits,955,1,0.9097213359487595,0.9162630995174833,0.959882334422625,adaptive_capacity_incremental,0.8280748829341618,725,1.5431040250000478,1004,225,114379,0.04284150927604161
0.9304396215915415,0.929631230258672,0.2661556835632013,optdigits,306,16,0.9294789218373237,0.9354182729295655,0.9638876479169975,all_class_baseline,0.8712173841986277,1850,0.7291285840000228,1005,34,39066,
0.9237618252643295,0.9231312297032058,0.30800359739175215,optdigits,1009,16,0.9227808100917672,0.9285250968916768,0.9640111342452973,fixed_capacity_incremental,0.8575987383249022,1850,2.903512159999991,1005,231,121346,0.04699812256843029
0.9143016138007791,0.9135061255424924,0.30805556939896883,optdigits,1158,0,0.9130848586548556,0.9200231562829752,0.9584085835740478,adaptive_capacity_incremental,0.8363836867511284,650,1.639548203000004,1005,261,137108,0.040758861400045435
0.9254312743461325,0.9248041264986069,0.266202083782183,optdigits,342,16,0.9243246046300756,0.9289932954728022,0.9584924092145198,all_class_baseline,0.864544863500943,1850,0.7851847240000325,1006,38,43662,
0.9248747913188647,0.924044616908516,0.31189335995046785,optdigits,833,16,0.9237290765117543,0.9311988788162356,0.9680706918961303,fixed_capacity_incremental,0.8489393386272387,1850,2.480409667999993,1006,220,99767,0.03768732226211506
0.9148580968280468,0.914065248394986,0.29634540664147707,optdigits,1263,0,0.9138730271036248,0.9213164515129394,0.9569961541955166,adaptive_capacity_incremental,0.8392015123568807,650,1.9129230949999965,1006,318,149490,0.036580544363760924
0.9198664440734557,0.9190309130764209,0.29867020036456365,optdigits,234,16,0.9188742050984559,0.9263415878202448,0.9625135927019097,all_class_baseline,0.8447170200844617,1850,0.5360711670000455,1007,26,29874,
0.9209794101279911,0.920243915794258,0.3038471869876454,optdigits,944,16,0.9199272770624722,0.9264849294189711,0.9641266855770885,fixed_capacity_incremental,0.8502649022207416,1850,2.6919306219999726,1007,222,113327,0.03763318315804868
0.9193099610461881,0.9185575598246818,0.3126261356481145,optdigits,929,1,0.9184931357063576,0.9257904475002154,0.9597822099476742,adaptive_capacity_incremental,0.8462650197093496,725,1.4972450679999838,1007,227,110218,0.03446454237425106
0.9248747913188647,0.9240938187377864,0.27515958718340666,optdigits,225,16,0.9240080231793195,0.9312326125738533,0.9611474724833305,all_class_baseline,0.8587404044564546,1850,0.5235385349999433,1008,25,28725,
0.9165275459098498,0.9156513963612246,0.34124654239573066,optdigits,1008,16,0.914752394718232,0.9218873245350776,0.9640495084087405,fixed_capacity_incremental,0.8333586862160142,1850,2.869205883999939,1008,247,117898,0.03971674257204757
0.9065108514190318,0.9055761549421163,0.30866880098190996,optdigits,1099,0,0.9046007683621882,0.9137536469616654,0.956957351190612,adaptive_capacity_incremental,0.8152627398863713,650,1.6171991730000173,1008,268,130511,0.036624411228224116
0.9215358931552587,0.9207357206865139,0.27420282343730684,optdigits,207,16,0.9202477221196995,0.926546427034441,0.9611011633233786,all_class_baseline,0.8517650948618511,1850,0.47396996700001637,1009,23,26427,
0.9271007234279355,0.9263348573830464,0.30031032494475635,optdigits,773,16,0.9262210130512376,0.9344935443296961,0.9723229923418177,fixed_capacity_incremental,0.854533518488757,1850,2.2875097649999816,1009,205,90834,0.04388386140004543
0.9137451307735114,0.9129572786205733,0.30622915658939037,optdigits,1059,1,0.9119906485080292,0.9191915241187492,0.9611629136348862,adaptive_capacity_incremental,0.8322572393854926,725,1.6603442520000726,1009,250,127175,0.040802735479849014
0.9170840289371174,0.916202902646934,0.2864674651402903,optdigits,297,16,0.9155529223792481,0.9248829847897649,0.9626520913403037,all_class_baseline,0.8361348689987239,1850,0.6728528169999208,1010,33,37917,
0.9259877573734001,0.9252593511897258,0.34805177966173584,optdigits,1020,16,0.9248296560702765,0.9326715463875542,0.9681320133661765,fixed_capacity_incremental,0.8560509101730707,1850,2.952609966999944,1010,258,120300,0.03653645141863212
0.9131886477462438,0.9124371331527208,0.3099923025406731,optdigits,1000,1,0.9117278714896602,0.9184400297759321,0.9597359007877223,adaptive_capacity_incremental,0.8323914776590119,725,1.6581952459999911,1010,259,117428,0.04074721103042759
