dataset,method,termination,count
dry_bean,adaptive_capacity_incremental,advance,50
dry_bean,adaptive_capacity_incremental,budget_stop,10
dry_bean,adaptive_capacity_incremental,maximum_epochs,10
dry_bean,all_class_baseline,validation_stagnation,10
dry_bean,fixed_capacity_incremental,maximum_epochs,10
dry_bean,fixed_capacity_incremental,validation_stagnation,60
landsat,adaptive_capacity_incremental,advance,18
landsat,adaptive_capacity_incremental,budget_stop,32
landsat,adaptive_capacity_incremental,maximum_epochs,10
landsat,all_class_baseline,validation_stagnation,10
landsat,fixed_capacity_incremental,maximum_epochs,10
landsat,fixed_capacity_incremental,validation_stagnation,50
optdigits,adaptive_capacity_incremental,advance,90
optdigits,adaptive_capacity_incremental,maximum_epochs,10
optdigits,all_class_baseline,validation_stagnation,10
optdigits,fixed_capacity_incremental,maximum_epochs,10
optdigits,fixed_capacity_incremental,validation_stagnation,90
