accuracy,balanced_accuracy,candidate,dataset,epochs,evaluation_partition,hidden_units,macro_f1,method,parameters,runtime_seconds,seed
0.9383536360280547,0.9471505457462109,relu_fast,dry_bean,189,validation,3,0.9473164616234344,adaptive_capacity_incremental,191,5.4707180610000705,741
0.9354005167958657,0.94469507959098,relu_fast,dry_bean,27,validation,16,0.9446992353392059,all_class_baseline,503,3.1543255269998554,741
0.9376153562200074,0.9476257303135095,relu_fast,dry_bean,112,validation,16,0.9475862453237696,fixed_capacity_incremental,503,8.01490960000001,741
0.9372462163159837,0.9457881008383625,relu_fast,dry_bean,177,validation,3,0.9466247489012828,adaptive_capacity_incremental,191,5.153997282999853,742
0.9376153562200074,0.9474775631252805,relu_fast,dry_bean,26,validation,16,0.9474118398991911,all_class_baseline,503,3.0496319849999054,742
0.9394610557401255,0.9481329346111768,relu_fast,dry_bean,121,validation,16,0.9490247966545672,fixed_capacity_incremental,503,8.675836072000038,742
0.9383536360280547,0.9487939583127033,relu_fast,dry_bean,187,validation,4,0.9479396359862983,adaptive_capacity_incremental,215,5.492407512,743
0.9357696566998892,0.9462368432934125,relu_fast,dry_bean,25,validation,16,0.9458816764480863,all_class_baseline,503,2.972461075999945,743
0.9372462163159837,0.9466538853256999,relu_fast,dry_bean,107,validation,16,0.9478313281964265,fixed_capacity_incremental,503,7.932346554999867,743
0.9361387966039129,0.9452955949917102,tanh_fast,dry_bean,189,validation,4,0.9456260770066397,adaptive_capacity_incremental,215,5.583348480999803,741
0.9383536360280547,0.9486667715854711,tanh_fast,dry_bean,33,validation,16,0.9482719676090905,all_class_baseline,503,4.707048916000076,741
0.9368770764119602,0.9463777401039016,tanh_fast,dry_bean,98,validation,16,0.9471940931547691,fixed_capacity_incremental,503,7.62891469300007,741
0.9372462163159837,0.9474176625002532,tanh_fast,dry_bean,177,validation,3,0.9468797091008049,adaptive_capacity_incremental,191,5.022584811000115,742
0.9335548172757475,0.9431650286562465,tanh_fast,dry_bean,15,validation,16,0.9432061195000616,all_class_baseline,503,2.44440293699995,742
0.9405684754521964,0.9496757479410672,tanh_fast,dry_bean,83,validation,16,0.9503721436665324,fixed_capacity_incremental,503,6.396044761999974,742
0.9376153562200074,0.9476574729380408,tanh_fast,dry_bean,187,validation,4,0.9463529594185721,adaptive_capacity_incremental,215,5.365357352000046,743
0.9361387966039129,0.9453617531290169,tanh_fast,dry_bean,20,validation,16,0.9460523503930315,all_class_baseline,503,2.381315846999996,743
0.937984496124031,0.947917384981517,tanh_fast,dry_bean,96,validation,16,0.9480517593434991,fixed_capacity_incremental,503,7.491521655000042,743
0.9324473975636767,0.9424155988686437,tanh_medium,dry_bean,247,validation,2,0.9420406133707045,adaptive_capacity_incremental,167,5.852577544000042,741
0.9324473975636767,0.9423234419257681,tanh_medium,dry_bean,17,validation,16,0.9419635494524929,all_class_baseline,503,2.030351914000221,741
0.9335548172757475,0.9447443435924334,tanh_medium,dry_bean,102,validation,16,0.9441890956299802,fixed_capacity_incremental,503,6.978075627999942,741
0.9294942783314877,0.9386678342618081,tanh_small,dry_bean,136,validation,0,0.9392688088389339,adaptive_capacity_incremental,119,2.920836515000019,741
0.9317091177556294,0.9433660251037997,tanh_small,dry_bean,16,validation,8,0.9425333146995952,all_class_baseline,311,1.2632636690000254,741
0.9357696566998892,0.9470121932560254,tanh_small,dry_bean,101,validation,8,0.9452910047299585,fixed_capacity_incremental,311,5.085585614000138,741
0.8782687105500451,0.866354126801888,relu_fast,landsat,271,validation,11,0.8601092386196253,adaptive_capacity_incremental,695,6.056005798999877,741
0.8764652840396754,0.8488657141642216,relu_fast,landsat,20,validation,16,0.8485053352918306,all_class_baseline,910,1.0353554690000237,741
0.8854824165915239,0.8668513734745078,relu_fast,landsat,155,validation,16,0.8624995250723867,fixed_capacity_incremental,910,5.112916678999909,741
0.8818755635707844,0.8626148105625718,relu_fast,landsat,281,validation,10,0.8583149757251061,adaptive_capacity_incremental,652,5.509189093999794,742
0.8872858431018936,0.8703783433261045,relu_fast,landsat,28,validation,16,0.8638029248056074,all_class_baseline,910,1.4244948410000688,742
0.8863841298467088,0.8672444401922014,relu_fast,landsat,116,validation,16,0.8631122408917716,fixed_capacity_incremental,910,3.805678102999991,742
0.8845807033363391,0.8607121975592125,relu_fast,landsat,282,validation,10,0.8609282245248701,adaptive_capacity_incremental,652,6.088497269000072,743
0.8800721370604148,0.8644653335884679,relu_fast,landsat,26,validation,16,0.8581931551196713,all_class_baseline,910,1.3628333020001264,743
0.8890892696122633,0.8764159969383849,relu_fast,landsat,132,validation,16,0.8705895411018041,fixed_capacity_incremental,910,4.436223284999869,743
0.8746618575293057,0.854421269719777,tanh_fast,landsat,274,validation,11,0.8502218055286598,adaptive_capacity_incremental,695,5.802903254000057,741
0.8737601442741209,0.8557798613768762,tanh_fast,landsat,29,validation,16,0.851163931192334,all_class_baseline,910,1.4848879749999924,741
0.8981064021641119,0.8696647637878984,tanh_fast,landsat,145,validation,16,0.8728847257892188,fixed_capacity_incremental,910,5.163605281999935,741
0.8755635707844905,0.8437223604201217,tanh_fast,landsat,266,validation,11,0.8422188758152368,adaptive_capacity_incremental,695,5.726395066999885,742
0.8764652840396754,0.8594822362546243,tanh_fast,landsat,28,validation,16,0.8547862644807595,all_class_baseline,910,1.419568998999921,742
0.890892696122633,0.8723205553429433,tanh_fast,landsat,129,validation,16,0.8698283360518339,fixed_capacity_incremental,910,4.234813150000264,742
0.8845807033363391,0.857055268529149,tanh_fast,landsat,294,validation,12,0.8549517842393298,adaptive_capacity_incremental,738,6.330108074999771,743
0.866546438232642,0.8381819534804609,tanh_fast,landsat,14,validation,16,0.8389305031162718,all_class_baseline,910,0.7285102900000311,743
0.8926961226330027,0.8647350852574732,tanh_fast,landsat,152,validation,16,0.8661409099527524,fixed_capacity_incremental,910,5.093879997000386,743
0.8836789900811542,0.8511093039078114,tanh_medium,landsat,306,validation,13,0.8529535587566222,adaptive_capacity_incremental,781,7.18459050499996,741
0.8737601442741209,0.8480136709614321,tanh_medium,landsat,38,validation,16,0.8461910936950553,all_class_baseline,910,2.0209821260000354,741
0.8746618575293057,0.84762326189565,tanh_medium,landsat,154,validation,16,0.844564129982761,fixed_capacity_incremental,910,5.717352893999987,741
0.8719567177637512,0.8489039843517455,tanh_small,landsat,240,validation,7,0.8444859277399522,adaptive_capacity_incremental,523,4.473931456999935,741
0.8620378719567178,0.8350685142662755,tanh_small,landsat,16,validation,8,0.8344860663993198,all_class_baseline,566,0.5693064320000758,741
0.8791704238052299,0.8571264936003741,tanh_small,landsat,122,validation,8,0.8547400100203347,fixed_capacity_incremental,566,2.828382437000073,741
0.9403765690376569,0.9404127800033095,relu_fast,optdigits,230,validation,0,0.9399226577707903,adaptive_capacity_incremental,650,1.4475935539999227,741
0.9539748953974896,0.9540652550574725,relu_fast,optdigits,37,validation,16,0.9540548822969693,all_class_baseline,1850,0.7835801599999286,741
0.9550209205020921,0.9550847513882313,relu_fast,optdigits,250,validation,16,0.9549116829429869,fixed_capacity_incremental,1850,3.1781536109999706,741
0.9393305439330544,0.9393603745050276,relu_fast,optdigits,250,validation,1,0.9395194364532123,adaptive_capacity_incremental,725,1.6243073370001184,742
0.9424686192468619,0.9425194212912189,relu_fast,optdigits,20,validation,16,0.9413621952644637,all_class_baseline,1850,0.4192986150001161,742
0.948744769874477,0.9487589013249289,relu_fast,optdigits,193,validation,16,0.9482431804071348,fixed_capacity_incremental,1850,2.250876610999967,742
0.9424686192468619,0.942529241369491,relu_fast,optdigits,259,validation,0,0.9420746995789283,adaptive_capacity_incremental,650,1.602174254000147,743
0.948744769874477,0.9487694140758786,relu_fast,optdigits,29,validation,16,0.9482360917666268,all_class_baseline,1850,0.6057386150000639,743
0.944560669456067,0.944733662545264,relu_fast,optdigits,197,validation,16,0.9434251173937287,fixed_capacity_incremental,1850,2.290386819000105,743
0.9403765690376569,0.9404127800033095,tanh_fast,optdigits,230,validation,0,0.9399226577707903,adaptive_capacity_incremental,650,1.4686156750001373,741
0.9414225941422594,0.9414768430865494,tanh_fast,optdigits,29,validation,16,0.9408979290796335,all_class_baseline,1850,0.6344873149998875,741
0.9518828451882845,0.9519382809403416,tanh_fast,optdigits,244,validation,16,0.9515780393262228,fixed_capacity_incremental,1850,3.0052373190001163,741
0.9424686192468619,0.9425621433216735,tanh_fast,optdigits,291,validation,1,0.942215440395149,adaptive_capacity_incremental,725,1.9356039269996472,742
0.9403765690376569,0.94043586187722,tanh_fast,optdigits,21,validation,16,0.9395940853933251,all_class_baseline,1850,0.4421538319998035,742
0.946652719665272,0.946718071156725,tanh_fast,optdigits,241,validation,16,0.9465519710139653,fixed_capacity_incremental,1850,2.586271259000114,742
0.9424686192468619,0.942529241369491,tanh_fast,optdigits,259,validation,0,0.9420746995789283,adaptive_capacity_incremental,650,1.6914957819999472,743
0.9424686192468619,0.9425959568118586,tanh_fast,optdigits,19,validation,16,0.9415397012944065,all_class_baseline,1850,0.4073392239997702,743
0.944560669456067,0.9445693860803578,tanh_fast,optdigits,248,validation,16,0.9440169769018715,fixed_capacity_incremental,1850,3.1863514310002756,743
0.9382845188284519,0.9382855798055127,tanh_medium,optdigits,330,validation,0,0.9376608330952985,adaptive_capacity_incremental,650,2.0902439149999736,741
0.9403765690376569,0.9404790360690056,tanh_medium,optdigits,45,validation,16,0.9393831543620971,all_class_baseline,1850,0.9709598620001998,741
0.9403765690376569,0.9403807968044701,tanh_medium,optdigits,268,validation,16,0.939247172739142,fixed_capacity_incremental,1850,3.1238774849998663,741
0.9456066945606695,0.945687369402339,tanh_small,optdigits,238,validation,0,0.9454665366536235,adaptive_capacity_incremental,650,1.4705429019998064,741
0.9414225941422594,0.941466097039594,tanh_small,optdigits,28,validation,8,0.940652718738441,all_class_baseline,1250,0.4331679570000233,741
0.9456066945606695,0.9456766305707239,tanh_small,optdigits,239,validation,8,0.9453063108039281,fixed_capacity_incremental,1250,2.13913602599996,741
