dataset,method,macro_f1_mean,macro_f1_sd,hidden_mean,hidden_min,hidden_max,runtime_mean,parameter_mean
dry_bean,adaptive_capacity_incremental,0.9472936155036719,0.000657741188064361,3.3333333333333335,3,4,5.372374285333308,199.0
dry_bean,all_class_baseline,0.9459975838954944,0.0013600116826655074,16.0,16,16,3.058806195999902,503.0
dry_bean,fixed_capacity_incremental,0.9481474567249211,0.0007696170591475969,16.0,16,16,8.207697408999971,503.0
landsat,adaptive_capacity_incremental,0.8597841462898671,0.0013366117946201233,10.333333333333334,10,11,5.884564053999914,666.3333333333334
landsat,all_class_baseline,0.8568338050723697,0.0077388588077524426,16.0,16,16,1.2742278706667396,910.0
landsat,fixed_capacity_incremental,0.8654004356886542,0.004504327520331738,16.0,16,16,4.451606022333256,910.0
optdigits,adaptive_capacity_incremental,0.9405055979343103,0.00137375646899095,0.3333333333333333,0,1,1.558025048333396,675.0
optdigits,all_class_baseline,0.94788438977602,0.006353648301875951,16.0,16,16,0.6028724633333695,1850.0
optdigits,fixed_capacity_incremental,0.9488599935812835,0.0057680708125164475,16.0,16,16,2.573139013666681,1850.0
