dataset,candidate,seed,method,macro_f1,balanced_accuracy,accuracy,hidden_units,parameters,epochs,runtime_seconds,evaluation_partition
dry_bean,relu_fast,741,adaptive_capacity_incremental,0.9473164616234344,0.9471505457462109,0.9383536360280547,3,191,189,5.4707180610000705,validation
dry_bean,relu_fast,741,all_class_baseline,0.9446992353392059,0.94469507959098,0.9354005167958657,16,503,27,3.1543255269998554,validation
dry_bean,relu_fast,741,fixed_capacity_incremental,0.9475862453237696,0.9476257303135095,0.9376153562200074,16,503,112,8.01490960000001,validation
dry_bean,relu_fast,742,adaptive_capacity_incremental,0.9466247489012828,0.9457881008383625,0.9372462163159837,3,191,177,5.153997282999853,validation
dry_bean,relu_fast,742,all_class_baseline,0.9474118398991911,0.9474775631252805,0.9376153562200074,16,503,26,3.0496319849999054,validation
dry_bean,relu_fast,742,fixed_capacity_incremental,0.9490247966545672,0.9481329346111768,0.9394610557401255,16,503,121,8.675836072000038,validation
dry_bean,relu_fast,743,adaptive_capacity_incremental,0.9479396359862983,0.9487939583127033,0.9383536360280547,4,215,187,5.492407512,validation
dry_bean,relu_fast,743,all_class_baseline,0.9458816764480863,0.9462368432934125,0.9357696566998892,16,503,25,2.972461075999945,validation
dry_bean,relu_fast,743,fixed_capacity_incremental,0.9478313281964265,0.9466538853256999,0.9372462163159837,16,503,107,7.932346554999867,validation
landsat,relu_fast,741,adaptive_capacity_incremental,0.8601092386196253,0.866354126801888,0.8782687105500451,11,695,271,6.056005798999877,validation
landsat,relu_fast,741,all_class_baseline,0.8485053352918306,0.8488657141642216,0.8764652840396754,16,910,20,1.0353554690000237,validation
landsat,relu_fast,741,fixed_capacity_incremental,0.8624995250723867,0.8668513734745078,0.8854824165915239,16,910,155,5.112916678999909,validation
landsat,relu_fast,742,adaptive_capacity_incremental,0.8583149757251061,0.8626148105625718,0.8818755635707844,10,652,281,5.509189093999794,validation
landsat,relu_fast,742,all_class_baseline,0.8638029248056074,0.8703783433261045,0.8872858431018936,16,910,28,1.4244948410000688,validation
landsat,relu_fast,742,fixed_capacity_incremental,0.8631122408917716,0.8672444401922014,0.8863841298467088,16,910,116,3.805678102999991,validation
landsat,relu_fast,743,adaptive_capacity_incremental,0.8609282245248701,0.8607121975592125,0.8845807033363391,10,652,282,6.088497269000072,validation
landsat,relu_fast,743,all_class_baseline,0.8581931551196713,0.8644653335884679,0.8800721370604148,16,910,26,1.3628333020001264,validation
landsat,relu_fast,743,fixed_capacity_incremental,0.8705895411018041,0.8764159969383849,0.8890892696122633,16,910,132,4.436223284999869,validation
optdigits,relu_fast,741,adaptive_capacity_incremental,0.9399226577707903,0.9404127800033095,0.9403765690376569,0,650,230,1.4475935539999227,validation
optdigits,relu_fast,741,all_class_baseline,0.9540548822969693,0.9540652550574725,0.9539748953974896,16,1850,37,0.7835801599999286,validation
optdigits,relu_fast,741,fixed_capacity_incremental,0.9549116829429869,0.9550847513882313,0.9550209205020921,16,1850,250,3.1781536109999706,validation
optdigits,relu_fast,742,adaptive_capacity_incremental,0.9395194364532123,0.9393603745050276,0.9393305439330544,1,725,250,1.6243073370001184,validation
optdigits,relu_fast,742,all_class_baseline,0.9413621952644637,0.9425194212912189,0.9424686192468619,16,1850,20,0.4192986150001161,validation
optdigits,relu_fast,742,fixed_capacity_incremental,0.9482431804071348,0.9487589013249289,0.948744769874477,16,1850,193,2.250876610999967,validation
optdigits,relu_fast,743,adaptive_capacity_incremental,0.9420746995789283,0.942529241369491,0.9424686192468619,0,650,259,1.602174254000147,validation
optdigits,relu_fast,743,all_class_baseline,0.9482360917666268,0.9487694140758786,0.948744769874477,16,1850,29,0.6057386150000639,validation
optdigits,relu_fast,743,fixed_capacity_incremental,0.9434251173937287,0.944733662545264,0.944560669456067,16,1850,197,2.290386819000105,validation
