candidate,dataset,gradient_updates,method,seed,training_epochs,training_example_presentations
relu_fast,dry_bean,7846,adaptive_capacity_incremental,741,189,993973
relu_fast,dry_bean,1728,all_class_baseline,741,27,219375
relu_fast,dry_bean,4174,fixed_capacity_incremental,741,112,528840
relu_fast,dry_bean,7416,adaptive_capacity_incremental,742,177,939187
relu_fast,dry_bean,1664,all_class_baseline,742,26,211250
relu_fast,dry_bean,4453,fixed_capacity_incremental,742,121,563502
relu_fast,dry_bean,7642,adaptive_capacity_incremental,743,187,968043
relu_fast,dry_bean,1600,all_class_baseline,743,25,203125
relu_fast,dry_bean,4131,fixed_capacity_incremental,743,107,523656
tanh_fast,dry_bean,7846,adaptive_capacity_incremental,741,189,993973
tanh_fast,dry_bean,2112,all_class_baseline,741,33,268125
tanh_fast,dry_bean,3946,fixed_capacity_incremental,741,98,500072
tanh_fast,dry_bean,7416,adaptive_capacity_incremental,742,177,939187
tanh_fast,dry_bean,960,all_class_baseline,742,15,121875
tanh_fast,dry_bean,3280,fixed_capacity_incremental,742,83,415713
tanh_fast,dry_bean,7642,adaptive_capacity_incremental,743,187,968043
tanh_fast,dry_bean,1280,all_class_baseline,743,20,162500
tanh_fast,dry_bean,3960,fixed_capacity_incremental,743,96,501976
tanh_medium,dry_bean,9014,adaptive_capacity_incremental,741,247,1140167
tanh_medium,dry_bean,1088,all_class_baseline,741,17,138125
tanh_medium,dry_bean,3605,fixed_capacity_incremental,741,102,456145
tanh_small,dry_bean,4697,adaptive_capacity_incremental,741,136,593923
tanh_small,dry_bean,1024,all_class_baseline,741,16,130000
tanh_small,dry_bean,3953,fixed_capacity_incremental,741,101,501300
relu_fast,landsat,4520,adaptive_capacity_incremental,741,271,569157
relu_fast,landsat,520,all_class_baseline,741,20,66520
relu_fast,landsat,2420,fixed_capacity_incremental,741,155,304842
relu_fast,landsat,4528,adaptive_capacity_incremental,742,281,570393
relu_fast,landsat,728,all_class_baseline,742,28,93128
relu_fast,landsat,1818,fixed_capacity_incremental,742,116,228512
relu_fast,landsat,4608,adaptive_capacity_incremental,743,282,580410
relu_fast,landsat,676,all_class_baseline,743,26,86476
relu_fast,landsat,2078,fixed_capacity_incremental,743,132,261256
tanh_fast,landsat,4572,adaptive_capacity_incremental,741,274,577252
tanh_fast,landsat,754,all_class_baseline,741,29,96454
tanh_fast,landsat,2428,fixed_capacity_incremental,741,145,306813
tanh_fast,landsat,4498,adaptive_capacity_incremental,742,266,567273
tanh_fast,landsat,728,all_class_baseline,742,28,93128
tanh_fast,landsat,2000,fixed_capacity_incremental,742,129,250959
tanh_fast,landsat,4674,adaptive_capacity_incremental,743,294,587301
tanh_fast,landsat,364,all_class_baseline,743,14,46564
tanh_fast,landsat,2450,fixed_capacity_incremental,743,152,308810
tanh_medium,landsat,4758,adaptive_capacity_incremental,741,306,597423
tanh_medium,landsat,988,all_class_baseline,741,38,126388
tanh_medium,landsat,2558,fixed_capacity_incremental,741,154,322942
tanh_small,landsat,4244,adaptive_capacity_incremental,741,240,537046
tanh_small,landsat,416,all_class_baseline,741,16,53216
tanh_small,landsat,1898,fixed_capacity_incremental,741,122,239684
relu_fast,optdigits,941,adaptive_capacity_incremental,741,230,111728
relu_fast,optdigits,333,all_class_baseline,741,37,42513
relu_fast,optdigits,1095,fixed_capacity_incremental,741,250,130316
relu_fast,optdigits,962,adaptive_capacity_incremental,742,250,114218
relu_fast,optdigits,180,all_class_baseline,742,20,22980
relu_fast,optdigits,748,fixed_capacity_incremental,742,193,88914
relu_fast,optdigits,1114,adaptive_capacity_incremental,743,259,131520
relu_fast,optdigits,261,all_class_baseline,743,29,33321
relu_fast,optdigits,770,fixed_capacity_incremental,743,197,90606
tanh_fast,optdigits,941,adaptive_capacity_incremental,741,230,111728
tanh_fast,optdigits,261,all_class_baseline,741,29,33321
tanh_fast,optdigits,966,fixed_capacity_incremental,741,244,115297
tanh_fast,optdigits,1230,adaptive_capacity_incremental,742,291,146123
tanh_fast,optdigits,189,all_class_baseline,742,21,24129
tanh_fast,optdigits,840,fixed_capacity_incremental,742,241,96996
tanh_fast,optdigits,1114,adaptive_capacity_incremental,743,259,131520
tanh_fast,optdigits,171,all_class_baseline,743,19,21831
tanh_fast,optdigits,1065,fixed_capacity_incremental,743,248,126358
tanh_medium,optdigits,1392,adaptive_capacity_incremental,741,330,165105
tanh_medium,optdigits,405,all_class_baseline,741,45,51705
tanh_medium,optdigits,1011,fixed_capacity_incremental,741,268,118637
tanh_small,optdigits,988,adaptive_capacity_incremental,741,238,117998
tanh_small,optdigits,252,all_class_baseline,741,28,32172
tanh_small,optdigits,914,fixed_capacity_incremental,741,239,107337
